timestamp,value,anomaly_score,totalBias,predictedBias,label,S(t)_reward_low_FP_rate,S(t)_reward_low_FN_rate,S(t)_standard
2015-09-08 11:39:00,73,0.0,0.0,0,0,0.0,0.0,0.0
2015-09-08 11:44:00,62,0.0,45.0,1,0,0.0,0.0,0.0
2015-09-08 11:59:00,66,0.0,24.0,2,0,0.0,0.0,0.0
2015-09-08 12:19:00,69,0.0,0.0,0,0,0.0,0.0,0.0
2015-09-08 12:24:00,65,0.0,0.0,0,0,0.0,0.0,0.0
2015-09-08 12:27:00,76,0.0,0.0,0,0,0.0,0.0,0.0
2015-09-08 12:32:00,65,0.0,0.0,0,0,0.0,0.0,0.0
2015-09-08 12:46:00,62,0.0,19.0,2,0,0.0,0.0,0.0
2015-09-08 12:51:00,61,0.0,0.0,0,0,0.0,0.0,0.0
2015-09-08 13:01:00,65,0.0,1.0,0,0,0.0,0.0,0.0
2015-09-08 13:21:00,68,0.0,2.0,1,0,0.0,0.0,0.0
2015-09-08 13:26:00,66,0.0,14.0,3,0,0.0,0.0,0.0
2015-09-08 13:31:00,67,0.0,2.0,0,0,0.0,0.0,0.0
2015-09-08 13:36:00,65,0.0,3.0,1,0,0.0,0.0,0.0
2015-09-08 13:41:00,67,0.0,15.0,1,0,0.0,0.0,0.0
2015-09-08 13:46:00,67,0.0,5.0,2,0,0.0,0.0,0.0
2015-09-08 13:56:00,69,0.0,0.0,0,0,0.0,0.0,0.0
2015-09-08 14:11:00,68,0.0,8.0,2,0,0.0,0.0,0.0
2015-09-08 14:16:00,68,0.0,2.0,0,0,0.0,0.0,0.0
2015-09-08 14:21:00,67,0.0,7.0,3,0,0.0,0.0,0.0
2015-09-08 14:46:00,66,0.0,1.0,1,0,0.0,0.0,0.0
2015-09-08 14:51:00,68,0.0,0.0,0,0,0.0,0.0,0.0
2015-09-08 15:16:00,69,0.0,7.0,3,0,0.0,0.0,0.0
2015-09-08 15:21:00,65,0.0,5.0,2,0,0.0,0.0,0.0
2015-09-08 15:26:00,70,0.0,0.0,0,0,0.0,0.0,0.0
2015-09-08 15:29:00,66,0.0,5.0,3,0,0.0,0.0,0.0
2015-09-08 15:41:00,65,0.0,1.0,1,0,0.0,0.0,0.0
2015-09-08 16:15:00,64,0.0,10.0,4,0,0.0,0.0,0.0
2015-09-08 16:31:00,66,0.0,1.0,0,0,0.0,0.0,0.0
2015-09-08 16:36:00,69,0.0,2.0,0,0,0.0,0.0,0.0
2015-09-08 16:41:00,64,0.0,9.0,5,0,0.0,0.0,0.0
2015-09-08 16:56:00,69,0.0,0.0,0,0,0.0,0.0,0.0
2015-09-08 17:11:00,65,0.0,8.0,4,0,0.0,0.0,0.0
2015-09-08 17:16:00,68,0.0,0.0,0,0,0.0,0.0,0.0
2015-09-08 17:21:00,67,0.0,8.0,3,0,0.0,0.0,0.0
2015-09-08 17:26:00,69,0.0,2.0,0,0,0.0,0.0,0.0
2015-09-08 17:31:00,66,0.0,8.0,4,0,0.0,0.0,0.0
2015-09-08 17:36:00,69,0.0,0.0,0,0,0.0,0.0,0.0
2015-09-08 17:41:00,66,0.0,8.0,4,0,0.0,0.0,0.0
2015-09-08 17:46:00,65,0.0,0.0,0,0,0.0,0.0,0.0
2015-09-08 17:51:00,66,0.0,10.0,3,0,0.0,0.0,0.0
2015-09-08 17:56:00,65,0.0,0.0,0,0,0.0,0.0,0.0
2015-09-08 17:57:00,64,0.0,10.0,4,0,0.0,0.0,0.0
2015-09-08 18:36:00,70,0.0,2.0,0,0,0.0,0.0,0.0
2015-09-08 18:46:00,69,0.0,6.0,3,0,0.0,0.0,0.0
2015-09-08 18:51:00,66,0.0,5.0,2,0,0.0,0.0,0.0
2015-09-08 18:56:00,68,0.0,0.0,0,0,0.0,0.0,0.0
2015-09-08 19:06:00,71,0.0,7.0,2,0,0.0,0.0,0.0
2015-09-08 20:11:00,63,0.0,2.0,1,0,0.0,0.0,0.0
2015-09-08 20:31:00,67,1.0,1.0,0,0,0.0,0.0,0.0
2015-09-08 20:41:00,62,0.833975846806,4.0,1,0,0.0,0.0,0.0
2015-09-08 20:51:00,64,0.428571428571,5.0,4,0,0.0,0.0,0.0
2015-09-08 21:01:00,59,1.0,1.0,0,0,0.0,0.0,0.0
2015-09-08 21:06:00,65,1.0,2.0,0,0,0.0,0.0,0.0
2015-09-08 21:31:00,58,0.503628475842,15.0,2,0,0.0,0.0,0.0
2015-09-08 21:41:00,64,1.0,1.0,0,0,0.0,0.0,0.0
2015-09-08 22:31:00,63,0.301486785377,12.0,5,0,0.0,0.0,0.0
2015-09-08 22:41:00,66,1.0,0.0,0,0,0.0,0.0,0.0
2015-09-08 23:16:00,66,0.166666666667,14.0,3,0,0.0,0.0,0.0
2015-09-08 23:31:00,60,0.8,3.0,1,0,0.0,0.0,0.0
2015-09-09 00:06:00,57,1.0,8.0,0,0,0.0,0.0,0.0
2015-09-09 01:16:00,58,0.501246571849,31.0,3,0,0.0,0.0,0.0
2015-09-09 07:34:00,69,0.571428571429,14.0,2,0,0.0,0.0,0.0
2015-09-09 09:20:00,70,0.5,3.0,2,0,0.0,0.0,0.0
2015-09-09 09:58:00,66,0.666666666667,2.0,1,0,0.0,0.0,0.0
2015-09-09 10:23:00,68,0.571428571429,7.0,2,0,0.0,0.0,0.0
2015-09-09 10:33:00,65,0.625,4.0,2,0,0.0,0.0,0.0
2015-09-09 10:38:00,68,1.0,0.0,0,0,0.0,0.0,0.0
2015-09-09 10:43:00,68,0.428571428571,12.0,3,0,0.0,0.0,0.0
2015-09-09 10:48:00,70,0.5,7.0,1,0,0.0,0.0,0.0
2015-09-09 10:53:00,67,0.4,7.0,3,0,0.0,0.0,0.0
2015-09-09 11:03:00,73,0.337180997642,12.0,2,0,0.0,0.0,0.0
2015-09-09 11:08:00,77,1.0,3.0,0,0,0.0,0.0,0.0
2015-09-09 11:13:00,75,1.0,7.0,0,0,0.0,0.0,0.0
2015-09-09 11:18:00,71,1.0,9.0,0,0,0.0,0.0,0.0
2015-09-09 11:23:00,73,-0.833333333333,26.0,5,0,0.0,0.0,0.0
2015-09-09 11:43:00,68,1.0,5.0,0,0,0.0,0.0,0.0
2015-09-09 11:48:00,58,0.625814554941,12.0,2,0,0.0,0.0,0.0
2015-09-09 12:03:00,65,0.875,7.0,1,0,0.0,0.0,0.0
2015-09-09 12:13:00,65,-0.125,22.0,7,0,0.0,0.0,0.0
2015-09-09 12:33:00,65,1.0,0.0,0,0,0.0,0.0,0.0
2015-09-09 12:48:00,66,-0.166666666667,11.0,5,0,0.0,0.0,0.0
2015-09-09 13:08:00,74,1.0,0.0,0,0,0.0,0.0,0.0
2015-09-09 13:33:00,64,-0.875,40.0,7,0,0.0,0.0,0.0
2015-09-09 13:38:00,68,0.857142857143,7.0,1,0,0.0,0.0,0.0
2015-09-09 13:43:00,65,-0.125,12.0,5,0,0.0,0.0,0.0
2015-09-09 13:48:00,69,0.714285714286,2.0,2,0,0.0,0.0,0.0
2015-09-09 13:53:00,70,1.0,0.0,0,0,0.0,0.0,0.0
2015-09-09 13:58:00,64,0.375,7.0,4,0,0.0,0.0,0.0
2015-09-09 14:08:00,65,0.25,8.0,4,0,0.0,0.0,0.0
2015-09-09 14:13:00,67,0.8,4.0,1,0,0.0,0.0,0.0
2015-09-09 14:38:00,68,-0.142857142857,11.0,4,0,0.0,0.0,0.0
2015-09-09 14:48:00,66,0.5,3.0,2,0,0.0,0.0,0.0
2015-09-09 14:53:00,63,1.0,0.0,0,0,0.0,0.0,0.0
2015-09-09 15:03:00,68,0.571428571429,9.0,3,0,0.0,0.0,0.0
2015-09-09 15:08:00,68,0.428571428571,7.0,4,0,0.0,0.0,0.0
2015-09-09 15:13:00,73,0.833333333333,4.0,1,0,0.0,0.0,0.0
2015-09-09 15:18:00,79,0.751043749082,18.0,1,0,0.0,0.0,0.0
2015-09-09 15:23:00,64,1.0,3.0,0,0,0.0,0.0,0.0
2015-09-09 15:28:00,67,0.0,18.0,4,0,0.0,0.0,0.0
2015-09-09 15:38:00,62,0.0,16.0,4,0,0.0,0.0,0.0
2015-09-09 15:43:00,68,0.857142857143,2.0,1,0,0.0,0.0,0.0
2015-09-09 15:48:00,70,0.0,15.0,2,0,0.0,0.0,0.0
2015-09-09 16:08:00,67,0.8,3.0,1,0,0.0,0.0,0.0
2015-09-09 16:13:00,70,-0.5,11.0,2,0,0.0,0.0,0.0
2015-09-09 16:23:00,65,0.625,3.0,2,0,0.0,0.0,0.0
2015-09-09 16:33:00,67,1.0,0.0,0,0,0.0,0.0,0.0
2015-09-09 16:43:00,71,0.142857142857,10.0,2,0,0.0,0.0,0.0
2015-09-09 16:48:00,69,1.0,3.0,0,0,0.0,0.0,0.0
2015-09-09 16:53:00,64,0.0,13.0,4,0,0.0,0.0,0.0
2015-09-09 16:58:00,63,0.9,1.0,1,0,0.0,0.0,0.0
2015-09-09 17:03:00,62,-0.371682243573,46.0,5,0,0.0,0.0,0.0
2015-09-09 17:08:00,55,1.0,1.0,0,0,0.0,0.0,0.0
2015-09-09 17:13:00,48,,2.0,0,0,0.0,0.0,0.0
2015-09-09 17:18:00,56,1.0,0.0,0,0,0.0,0.0,0.0
2015-09-09 17:23:00,51,1.0,29.0,0,0,0.0,0.0,0.0
2015-09-09 17:28:00,60,0.33233301097,10.0,4,0,0.0,0.0,0.0
2015-09-09 17:33:00,43,1.0,6.0,0,0,0.0,0.0,0.0
2015-09-09 17:38:00,62,1.0,0.0,0,0,0.0,0.0,0.0
2015-09-09 17:43:00,70,-0.75,33.0,4,0,0.0,0.0,0.0
2015-09-09 17:48:00,65,0.75,2.0,2,0,0.0,0.0,0.0
2015-09-09 17:58:00,70,0.0,4.0,2,0,0.0,0.0,0.0
2015-09-09 18:03:00,67,0.8,3.0,1,0,0.0,0.0,0.0
2015-09-09 18:13:00,70,-0.5,11.0,2,0,0.0,0.0,0.0
2015-09-09 18:18:00,67,0.8,3.0,1,0,0.0,0.0,0.0
2015-09-09 18:23:00,69,0.0,10.0,3,0,0.0,0.0,0.0
2015-09-09 18:28:00,69,1.0,3.0,0,0,0.0,0.0,0.0
2015-09-09 18:38:00,68,-0.142857142857,12.0,5,0,0.0,0.0,0.0
2015-09-09 18:43:00,67,1.0,0.0,0,0,0.0,0.0,0.0
2015-09-09 19:03:00,66,0.0,9.0,3,0,0.0,0.0,0.0
2015-09-09 19:38:00,63,0.8,2.0,2,0,0.0,0.0,0.0
2015-09-09 19:48:00,68,0.0,10.0,3,0,0.0,0.0,0.0
2015-09-09 20:03:00,68,0.857142857143,5.0,1,0,0.0,0.0,0.0
2015-09-09 20:13:00,65,0.0,13.0,4,0,0.0,0.0,0.0
2015-09-09 20:18:00,60,1.0,1.0,0,0,0.0,0.0,0.0
2015-09-09 20:23:00,65,0.125,15.0,6,0,0.0,0.0,0.0
2015-09-09 20:38:00,64,0.625,6.0,2,0,0.0,0.0,0.0
2015-09-09 20:58:00,57,1.0,0.0,0,0,0.0,0.0,0.0
2015-09-09 21:13:00,57,0.5,11.0,1,0,0.0,0.0,0.0
2015-09-09 21:28:00,62,0.5,17.0,2,0,0.0,0.0,0.0
2015-09-09 21:33:00,55,1.0,0.0,0,0,0.0,0.0,0.0
2015-09-09 21:48:00,61,-0.333333333333,16.0,5,0,0.0,0.0,0.0
2015-09-09 21:53:00,61,1.0,3.0,0,0,0.0,0.0,0.0
2015-09-09 22:33:00,58,0.222222222222,15.0,5,0,0.0,0.0,0.0
2015-09-09 22:41:00,65,0.75,6.0,2,0,0.0,0.0,0.0
2015-09-09 23:38:00,65,0.75,2.0,2,0,0.0,0.0,0.0
2015-09-09 23:53:00,62,0.375,8.0,4,0,0.0,0.0,0.0
2015-09-10 05:33:00,68,0.571428571429,4.0,2,0,0.0,0.0,0.0
2015-09-10 05:45:00,61,0.5,3.0,2,0,0.0,0.0,0.0
2015-09-10 08:00:00,62,1.0,0.0,0,0,0.0,0.0,0.0
2015-09-10 08:18:00,73,0.334834943448,21.0,2,0,0.0,0.0,0.0
2015-09-10 08:33:00,70,1.0,2.0,0,0,0.0,0.0,0.0
2015-09-10 08:43:00,65,0.375,9.0,4,0,0.0,0.0,0.0
2015-09-10 08:53:00,65,0.25,8.0,4,0,0.0,0.0,0.0
2015-09-10 09:13:00,61,0.833333333333,2.0,1,0,0.0,0.0,0.0
2015-09-10 09:23:00,64,0.25,14.0,5,0,0.0,0.0,0.0
2015-09-10 09:28:00,62,0.25,7.0,3,0,0.0,0.0,0.0
2015-09-10 09:48:00,75,0.778918558018,3.0,2,0,0.0,0.0,0.0
2015-09-10 09:52:00,66,1.0,1.0,0,0,0.0,0.0,0.0
2015-09-10 10:02:00,71,0.571428571429,6.0,2,0,0.0,0.0,0.0
2015-09-10 10:07:00,66,0.5,3.0,2,0,0.0,0.0,0.0
2015-09-10 10:22:00,67,1.0,0.0,0,0,0.0,0.0,0.0
2015-09-10 10:27:00,65,0.25,9.0,3,0,0.0,0.0,0.0
2015-09-10 10:32:00,67,0.8,2.0,1,0,0.0,0.0,0.0
2015-09-10 10:42:00,67,-0.2,9.0,3,0,0.0,0.0,0.0
2015-09-10 10:47:00,65,0.75,2.0,2,0,0.0,0.0,0.0
2015-09-10 10:52:00,68,0.428571428571,6.0,3,0,0.0,0.0,0.0
2015-09-10 11:27:00,64,0.5,4.0,3,0,0.0,0.0,0.0
2015-09-10 11:37:00,72,0.5,4.0,2,0,0.0,0.0,0.0
2015-09-10 11:42:00,62,0.625,3.0,2,0,0.0,0.0,0.0
2015-09-10 11:47:00,72,1.0,0.0,0,0,-0.22,-0.11,-0.11
2015-09-10 11:52:00,72,0.333333333333,20.0,2,0,0.0,0.0,0.0
2015-09-10 11:57:00,68,1.0,3.0,0,0,-0.22,-0.11,-0.11
2015-09-10 12:07:00,64,0.0,12.0,4,0,0.0,0.0,0.0
2015-09-10 12:12:00,63,0.900148130249,1.0,1,0,0.0,0.0,0.0
2015-09-10 12:37:00,65,0.25,8.0,4,0,0.0,0.0,0.0
2015-09-10 12:42:00,72,1.0,3.0,0,0,-0.22,-0.11,-0.11
2015-09-10 12:57:00,67,-0.2,11.0,3,0,0.0,0.0,0.0
2015-09-10 13:07:00,66,0.833333333333,3.0,1,0,0.0,0.0,0.0
2015-09-10 13:17:00,71,0.428571428571,7.0,3,0,0.0,0.0,0.0
2015-09-10 13:32:00,71,0.857142857143,4.0,1,0,0.0,0.0,0.0
2015-09-10 13:42:00,67,-0.2,19.0,3,0,0.0,0.0,0.0
2015-09-10 13:47:00,68,0.857142857143,3.0,1,0,0.0,0.0,0.0
2015-09-10 14:02:00,65,0.00241291376483,12.0,4,0,0.0,0.0,0.0
2015-09-10 14:07:00,70,1.0,2.0,0,0,-0.22,-0.11,-0.11
2015-09-10 14:17:00,71,0.571428571429,9.0,3,0,0.0,0.0,0.0
2015-09-10 14:32:00,65,0.750643340182,3.0,2,0,0.0,0.0,0.0
2015-09-10 14:37:00,69,1.0,2.0,0,0,-0.22,-0.11,-0.11
2015-09-10 14:42:00,69,0.0,12.0,5,0,0.0,0.0,0.0
2015-09-10 14:47:00,69,0.571428571429,7.0,2,0,0.0,0.0,0.0
2015-09-10 14:57:00,69,1.0,0.0,0,0,-0.22,-0.11,-0.11
2015-09-10 15:02:00,71,0.285714285714,12.0,3,0,0.0,0.0,0.0
2015-09-10 15:07:00,64,0.502646542088,5.0,3,0,0.0,0.0,0.0
2015-09-10 15:12:00,64,1.0,0.0,0,0,-0.22,-0.11,-0.11
2015-09-10 15:17:00,66,1.0,0.0,0,0,-0.22,-0.11,-0.11
2015-09-10 15:22:00,76,0.603275358639,7.0,1,0,0.0,0.0,0.0
2015-09-10 15:27:00,64,0.5,6.0,3,0,0.0,0.0,0.0
2015-09-10 15:32:00,67,0.4,6.0,2,0,0.0,0.0,0.0
2015-09-10 15:37:00,64,0.75,4.0,1,0,0.0,0.0,0.0
2015-09-10 15:42:00,70,-0.5,16.0,4,0,0.0,0.0,0.0
2015-09-10 15:47:00,70,1.0,2.0,0,0,-0.22,-0.11,-0.11
2015-09-10 15:52:00,68,0.285714285714,9.0,5,0,0.0,0.0,0.0
2015-09-10 15:57:00,69,0.857142857143,4.0,1,0,0.0,0.0,0.0
2015-09-10 16:02:00,68,-0.428571428571,14.0,5,0,0.0,0.0,0.0
2015-09-10 16:12:00,68,1.0,0.0,0,0,-0.22,-0.11,-0.11
2015-09-10 16:17:00,69,-0.285714285714,13.0,5,0,0.0,0.0,0.0
2015-09-10 16:22:00,63,1.0,0.0,0,0,-0.22,-0.11,-0.11
2015-09-10 16:27:00,67,-1.4,26.0,5,0,0.0,0.0,0.0
2015-09-10 16:32:00,66,0.833333333333,3.0,1,0,0.0,0.0,0.0
2015-09-10 16:37:00,68,0.428571428571,7.0,3,0,0.0,0.0,0.0
2015-09-10 16:42:00,66,-0.166666666667,9.0,3,0,0.0,0.0,0.0
2015-09-10 16:47:00,67,0.8,1.0,1,0,0.0,0.0,0.0
2015-09-10 16:52:00,67,-0.4,11.0,3,0,0.0,0.0,0.0
2015-09-10 16:57:00,68,0.857142857143,2.0,1,0,0.0,0.0,0.0
2015-09-10 17:02:00,64,-0.125,14.0,4,0,0.0,0.0,0.0
2015-09-10 17:07:00,67,0.8,3.0,1,0,0.0,0.0,0.0
2015-09-10 17:12:00,62,0.252170574906,11.0,2,0,0.0,0.0,0.0
2015-09-10 17:17:00,67,0.8,2.0,1,0,0.0,0.0,0.0
2015-09-10 17:22:00,66,0.0,9.0,2,0,0.0,0.0,0.0
2015-09-10 17:32:00,66,0.833333333333,2.0,1,0,0.0,0.0,0.0
2015-09-10 17:37:00,67,0.0,6.0,2,0,0.0,0.0,0.0
2015-09-10 17:42:00,62,1.0,1.0,0,0,-0.22,-0.11,-0.11
2015-09-10 17:47:00,63,-0.2,16.0,6,0,0.0,0.0,0.0
2015-09-10 17:52:00,66,-0.166666666667,8.0,4,0,0.0,0.0,0.0
2015-09-10 18:07:00,69,0.857142857143,3.0,1,0,0.0,0.0,0.0
2015-09-10 18:12:00,70,0.0,13.0,2,0,0.0,0.0,0.0
2015-09-10 18:17:00,70,1.0,3.0,0,0,-0.22,-0.11,-0.11
2015-09-10 18:22:00,67,0.4,8.0,3,0,0.0,0.0,0.0
2015-09-10 18:37:00,66,-0.166666666667,11.0,4,0,0.0,0.0,0.0
2015-09-10 18:42:00,68,0.714285714286,2.0,2,0,0.0,0.0,0.0
2015-09-10 18:47:00,71,1.0,0.0,0,0,-0.22,-0.11,-0.11
2015-09-10 18:52:00,62,-0.125,15.0,4,0,0.0,0.0,0.0
2015-09-10 18:57:00,68,0.714285714286,2.0,2,0,0.0,0.0,0.0
2015-09-10 19:32:00,62,1.0,0.0,0,0,-0.22,-0.11,-0.11
2015-09-10 19:37:00,64,-0.375,15.0,5,0,0.0,0.0,0.0
2015-09-10 19:47:00,69,0.142857142857,11.0,4,0,0.0,0.0,0.0
2015-09-10 19:57:00,63,0.6,4.0,2,0,0.0,0.0,0.0
2015-09-10 20:02:00,64,1.0,0.0,0,0,-0.22,-0.11,-0.11
2015-09-10 21:02:00,62,0.0,14.0,4,0,0.0,0.0,0.0
2015-09-10 21:12:00,69,0.714285714286,2.0,2,0,0.0,0.0,0.0
2015-09-10 21:27:00,65,0.5,4.0,2,0,0.0,0.0,0.0
2015-09-10 21:57:00,56,1.0,0.0,0,0,-0.22,-0.11,-0.11
2015-09-10 22:12:00,64,0.875,3.0,1,0,0.0,0.0,0.0
2015-09-10 23:42:00,70,-0.5,13.0,4,0,0.0,0.0,0.0
2015-09-10 23:47:00,61,1.0,1.0,0,0,-0.22,-0.11,-0.11
2015-09-11 05:27:00,64,-0.125,12.0,7,0,0.0,0.0,0.0
2015-09-11 05:47:00,68,0.571428571429,4.0,3,0,0.0,0.0,0.0
2015-09-11 06:17:00,65,0.125,14.0,5,0,0.0,0.0,0.0
2015-09-11 06:37:00,70,0.0,10.0,3,0,0.0,0.0,0.0
2015-09-11 06:42:00,65,0.5,4.0,3,0,0.0,0.0,0.0
2015-09-11 06:57:00,65,0.75,3.0,1,0,0.0,0.0,0.0
2015-09-11 07:07:00,70,-0.5,13.0,4,0,0.0,0.0,0.0
2015-09-11 07:12:00,73,1.0,1.0,0,0,-0.22,-0.11,-0.11
2015-09-11 07:32:00,69,0.285714285714,14.0,3,0,0.0,0.0,0.0
2015-09-11 07:42:00,68,0.714285714286,7.0,1,0,0.0,0.0,0.0
2015-09-11 08:12:00,65,-0.25,15.0,5,0,0.0,0.0,0.0
2015-09-11 08:42:00,68,0.857142857143,1.0,1,0,0.0,0.0,0.0
2015-09-11 08:47:00,69,-0.142857142857,13.0,5,0,0.0,0.0,0.0
2015-09-11 09:12:00,71,1.0,0.0,0,0,-0.22,-0.11,-0.11
2015-09-11 09:17:00,70,-0.5,15.0,3,0,0.0,0.0,0.0
2015-09-11 09:27:00,64,0.75,3.0,2,0,0.0,0.0,0.0
2015-09-11 09:32:00,68,1.0,0.0,0,0,-0.22,-0.11,-0.11
2015-09-11 09:37:00,70,0.0,10.0,2,0,0.0,0.0,0.0
2015-09-11 09:52:00,66,0.667631366625,2.0,2,0,0.0,0.0,0.0
2015-09-11 09:57:00,71,1.0,0.0,0,0,-0.22,-0.11,-0.11
2015-09-11 10:07:00,68,-0.285714285714,13.0,6,0,0.0,0.0,0.0
2015-09-11 10:27:00,63,0.800334838476,2.0,2,0,0.0,0.0,0.0
2015-09-11 10:39:00,66,1.0,0.0,0,0,-0.22,-0.11,-0.11
2015-09-11 10:49:00,65,0.25,8.0,3,0,0.0,0.0,0.0
2015-09-11 11:19:00,69,0.714285714286,2.0,2,0,0.0,0.0,0.0
2015-09-11 11:29:00,70,1.0,0.0,0,0,-0.22,-0.11,-0.11
2015-09-11 11:34:00,67,0.4,7.0,3,0,0.0,0.0,0.0
2015-09-11 11:39:00,63,0.201287923224,11.0,5,0,0.0,0.0,0.0
2015-09-11 11:44:00,68,0.714285714286,2.0,2,0,0.0,0.0,0.0
2015-09-11 11:54:00,71,1.0,0.0,0,0,-0.22,-0.11,-0.11
2015-09-11 12:04:00,60,0.166666666667,13.0,3,0,0.0,0.0,0.0
2015-09-11 12:14:00,81,1.0,5.0,0,0,-0.22,-0.11,-0.11
2015-09-11 12:39:00,69,0.857142857143,6.0,1,0,0.0,0.0,0.0
2015-09-11 12:44:00,71,0.428571428571,12.0,2,0,0.0,0.0,0.0
2015-09-11 12:49:00,64,0.75,3.0,2,0,0.0,0.0,0.0
2015-09-11 12:54:00,65,1.0,0.0,0,0,-0.22,-0.11,-0.11
2015-09-11 12:59:00,69,0.0,14.0,5,0,0.0,0.0,0.0
2015-09-11 13:09:00,66,0.833333333333,1.0,1,0,0.0,0.0,0.0
2015-09-11 13:24:00,65,0.375,8.0,2,0,0.0,0.0,0.0
2015-09-11 13:29:00,67,0.8,2.0,1,0,0.0,0.0,0.0
2015-09-11 13:39:00,67,-0.2,12.0,2,0,0.0,0.0,0.0
2015-09-11 13:44:00,66,0.833333333333,2.0,1,0,0.0,0.0,0.0
2015-09-11 13:49:00,69,0.571428571429,6.0,2,0,0.0,0.0,0.0
2015-09-11 13:54:00,70,1.0,3.0,0,0,-0.22,-0.11,-0.11
2015-09-11 14:04:00,65,0.375,8.0,4,0,0.0,0.0,0.0
2015-09-11 14:14:00,68,0.428571428571,8.0,3,0,0.0,0.0,0.0
2015-09-11 14:19:00,68,0.714285714286,7.0,1,0,0.0,0.0,0.0
2015-09-11 14:24:00,66,-0.5,13.0,4,0,0.0,0.0,0.0
2015-09-11 14:29:00,67,0.8,1.0,1,0,0.0,0.0,0.0
2015-09-11 14:39:00,66,-0.166666666667,12.0,3,0,0.0,0.0,0.0
2015-09-11 14:44:00,67,0.8,1.0,1,0,0.0,0.0,0.0
2015-09-11 14:54:00,66,0.0,9.0,2,0,0.0,0.0,0.0
2015-09-11 14:59:00,65,0.875,1.0,1,0,0.0,0.0,0.0
2015-09-11 15:09:00,69,0.142857142857,11.0,4,0,0.0,0.0,0.0
2015-09-11 15:14:00,69,0.857142857143,1.0,1,0,0.0,0.0,0.0
2015-09-11 15:19:00,70,0.0,12.0,2,0,0.0,0.0,0.0
2015-09-11 15:24:00,67,0.8,2.0,1,0,0.0,0.0,0.0
2015-09-11 15:29:00,68,0.142857142857,10.0,2,0,0.0,0.0,0.0
2015-09-11 15:34:00,64,0.75,2.0,2,1,0.997467323774,0.997467323774,0.997467323774
2015-09-11 15:39:00,66,1.0,0.0,0,1,0.0,0.0,0.0
2015-09-11 15:44:00,66,0.166666666667,6.0,2,1,0.0,0.0,0.0
2015-09-11 15:49:00,62,0.751243471696,3.0,2,1,0.0,0.0,0.0
2015-09-11 15:54:00,66,1.0,2.0,0,1,0.0,0.0,0.0
2015-09-11 15:59:00,60,0.501660715665,6.0,1,1,0.0,0.0,0.0
2015-09-11 16:04:00,66,-0.166666666667,13.0,4,1,0.0,0.0,0.0
2015-09-11 16:09:00,68,0.714285714286,3.0,2,1,0.0,0.0,0.0
2015-09-11 16:14:00,64,0.75,2.0,2,1,0.0,0.0,0.0
2015-09-11 16:19:00,66,1.0,0.0,0,1,0.0,0.0,0.0
2015-09-11 16:24:00,60,0.166666666667,8.0,3,1,0.0,0.0,0.0
2015-09-11 16:29:00,70,0.25,11.0,1,1,0.0,0.0,0.0
2015-09-11 16:34:00,65,0.5,7.0,4,1,0.0,0.0,0.0
2015-09-11 16:39:00,59,0.0,9.0,3,1,0.0,0.0,0.0
2015-09-11 16:44:00,23,1.0,3.0,0,1,0.0,0.0,0.0
2015-09-11 16:49:00,52,1.0,0.0,0,1,0.0,0.0,0.0
2015-09-11 16:54:00,56,0.858304858514,4.0,1,1,0.0,0.0,0.0
2015-09-11 16:59:00,67,-0.2,10.0,4,1,0.0,0.0,0.0
2015-09-11 17:04:00,63,0.502790093391,7.0,3,1,0.0,0.0,0.0
2015-09-11 17:09:00,61,1.0,1.0,0,1,0.0,0.0,0.0
2015-09-11 17:14:00,65,0.0,15.0,6,1,0.0,0.0,0.0
2015-09-11 17:19:00,63,0.502790093391,9.0,4,1,0.0,0.0,0.0
2015-09-11 17:24:00,62,0.126970863276,13.0,4,1,0.0,0.0,0.0
2015-09-11 17:29:00,66,0.5,7.0,2,1,0.0,0.0,0.0
2015-09-11 17:34:00,62,0.376407759483,6.0,3,1,0.0,0.0,0.0
2015-09-11 17:39:00,70,1.0,1.0,0,1,0.0,0.0,0.0
2015-09-11 17:44:00,68,0.571428571429,5.0,3,1,0.0,0.0,0.0
2015-09-11 17:49:00,69,0.714285714286,7.0,2,1,0.0,0.0,0.0
2015-09-11 17:54:00,69,1.0,1.0,0,1,0.0,0.0,0.0
2015-09-11 17:59:00,69,-0.142857142857,12.0,5,0,0.0,0.0,0.0
2015-09-11 18:04:00,64,1.0,0.0,0,0,-0.0388733949185,-0.0194366974592,-0.0194366974592
2015-09-11 18:09:00,68,0.0,14.0,5,0,0.0,0.0,0.0
2015-09-11 18:11:00,70,1.0,1.0,0,0,-0.0753928795324,-0.0376964397662,-0.0376964397662
2015-09-11 18:16:00,65,0.5,7.0,4,0,0.0,0.0,0.0
2015-09-11 18:21:00,70,0.25,9.0,2,0,0.0,0.0,0.0
2015-09-11 18:26:00,67,0.4,7.0,3,0,0.0,0.0,0.0
2015-09-11 18:31:00,64,-0.125,12.0,6,0,0.0,0.0,0.0
2015-09-11 18:36:00,67,0.8,3.0,1,0,0.0,0.0,0.0
2015-09-11 18:41:00,67,-0.4,12.0,3,0,0.0,0.0,0.0
2015-09-11 18:51:00,68,0.857142857143,3.0,1,0,0.0,0.0,0.0
2015-09-11 18:56:00,68,0.0,11.0,4,0,0.0,0.0,0.0
2015-09-11 19:01:00,68,1.0,0.0,0,0,-0.180679955706,-0.0903399778532,-0.0903399778532
2015-09-11 19:26:00,63,0.204464149425,11.0,4,0,0.0,0.0,0.0
2015-09-11 19:41:00,62,0.750583167731,4.0,2,0,0.0,0.0,0.0
2015-09-11 19:46:00,69,0.714285714286,2.0,2,0,0.0,0.0,0.0
2015-09-11 20:01:00,61,1.0,1.0,0,0,-0.199831169515,-0.0999155847574,-0.0999155847574
2015-09-11 20:06:00,58,0.444444444444,11.0,3,0,0.0,0.0,0.0
2015-09-11 20:16:00,61,0.333333333333,10.0,4,0,0.0,0.0,0.0
2015-09-11 20:26:00,63,0.403156704192,9.0,5,0,0.0,0.0,0.0
2015-09-11 20:36:00,62,-0.496621377241,19.0,6,0,0.0,0.0,0.0
2015-09-11 20:46:00,66,0.833333333333,3.0,1,0,0.0,0.0,0.0
2015-09-11 20:51:00,65,0.25,7.0,3,0,0.0,0.0,0.0
2015-09-11 21:01:00,60,0.833333333333,3.0,1,0,0.0,0.0,0.0
2015-09-11 21:21:00,64,0.0,8.0,6,0,0.0,0.0,0.0
2015-09-11 21:51:00,59,0.6,6.0,2,0,0.0,0.0,0.0
2015-09-11 21:56:00,56,0.428571428571,10.0,3,0,0.0,0.0,0.0
2015-09-11 21:59:00,47,,8.0,0,0,0.0,0.0,0.0
2015-09-11 22:16:00,60,1.0,0.0,0,0,-0.217534035351,-0.108767017675,-0.108767017675
2015-09-11 22:41:00,56,0.432960315728,8.0,3,0,0.0,0.0,0.0
2015-09-11 23:41:00,57,0.858201182744,5.0,1,0,0.0,0.0,0.0
2015-09-12 00:16:00,79,0.801992352945,14.0,1,0,0.0,0.0,0.0
2015-09-12 00:46:00,62,0.625784449348,5.0,2,0,0.0,0.0,0.0
2015-09-12 02:56:00,64,0.625,4.0,2,0,0.0,0.0,0.0
2015-09-12 03:41:00,58,0.666666666667,5.0,3,0,0.0,0.0,0.0
2015-09-12 05:06:00,78,-0.2,17.0,4,0,0.0,0.0,0.0
2015-09-12 06:51:00,75,1.0,0.0,0,0,-0.219406499905,-0.109703249952,-0.109703249952
2015-09-12 07:11:00,71,0.57194132457,8.0,3,0,0.0,0.0,0.0
2015-09-12 07:41:00,70,0.25,11.0,3,0,0.0,0.0,0.0
2015-09-12 07:51:00,73,1.0,6.0,0,0,-0.219652458986,-0.109826229493,-0.109826229493
2015-09-12 08:01:00,70,0.0,20.0,2,0,0.0,0.0,0.0
2015-09-12 08:16:00,70,0.5,8.0,2,0,0.0,0.0,0.0
2015-09-12 08:46:00,80,0.666666666667,3.0,1,0,0.0,0.0,0.0
2015-09-12 08:56:00,66,0.5,13.0,3,0,0.0,0.0,0.0
2015-09-12 09:16:00,68,0.857142857143,4.0,1,0,0.0,0.0,0.0
2015-09-12 09:21:00,76,0.0,14.0,3,0,0.0,0.0,0.0
2015-09-12 09:26:00,66,0.666666666667,4.0,1,0,0.0,0.0,0.0
2015-09-12 09:56:00,69,0.428571428571,9.0,3,0,0.0,0.0,0.0
2015-09-12 10:06:00,69,1.0,2.0,0,0,-0.219930288064,-0.109965144032,-0.109965144032
2015-09-12 10:16:00,70,0.0,13.0,2,0,0.0,0.0,0.0
2015-09-12 10:46:00,72,0.5,6.0,3,0,0.0,0.0,0.0
2015-09-12 10:51:00,67,0.8,5.0,1,0,0.0,0.0,0.0
2015-09-12 10:56:00,71,-0.142857142857,12.0,4,0,0.0,0.0,0.0
2015-09-12 11:06:00,64,0.500965631503,5.0,3,0,0.0,0.0,0.0
2015-09-12 11:31:00,67,-0.2,11.0,3,0,0.0,0.0,0.0
2015-09-12 11:41:00,75,1.0,3.0,0,0,-0.219980024938,-0.109990012469,-0.109990012469
2015-09-12 11:46:00,68,-0.571428571429,24.0,5,0,0.0,0.0,0.0
2015-09-12 12:06:00,67,0.4,5.0,1,0,0.0,0.0,0.0
2015-09-12 12:11:00,71,-0.142857142857,15.0,4,0,0.0,0.0,0.0
2015-09-12 12:16:00,65,0.501166335462,5.0,3,0,0.0,0.0,0.0
2015-09-12 12:26:00,67,-0.2,10.0,3,0,0.0,0.0,0.0
2015-09-12 12:31:00,77,1.0,1.0,0,0,-0.21999315796,-0.10999657898,-0.10999657898
2015-09-12 12:36:00,67,-0.2,11.0,4,0,0.0,0.0,0.0
2015-09-12 12:46:00,67,0.6,4.0,1,0,0.0,0.0,0.0
2015-09-12 12:51:00,68,0.142857142857,15.0,2,0,0.0,0.0,0.0
2015-09-12 13:06:00,70,0.5,5.0,2,0,0.0,0.0,0.0
2015-09-12 13:11:00,67,0.8,4.0,1,0,0.0,0.0,0.0
2015-09-12 13:16:00,62,0.251869857774,11.0,2,0,0.0,0.0,0.0
2015-09-12 13:21:00,67,0.8,1.0,1,0,0.0,0.0,0.0
2015-09-12 13:36:00,67,-0.4,11.0,3,0,0.0,0.0,0.0
2015-09-12 13:41:00,65,0.875341719511,1.0,1,0,0.0,0.0,0.0
2015-09-12 14:16:00,73,1.0,0.0,0,0,-0.219998852731,-0.109999426365,-0.109999426365
2015-09-12 14:21:00,69,0.0,10.0,3,0,0.0,0.0,0.0
2015-09-12 14:31:00,70,1.0,4.0,0,0,-0.219999197287,-0.109999598643,-0.109999598643
2015-09-12 14:41:00,70,0.5,5.0,2,0,0.0,0.0,0.0
2015-09-12 14:56:00,69,1.0,1.0,0,0,-0.219999438363,-0.109999719182,-0.109999719182
2015-09-12 15:01:00,72,0.333333333333,11.0,2,0,0.0,0.0,0.0
2015-09-12 15:11:00,70,0.75,4.0,1,0,0.0,0.0,0.0
2015-09-12 15:16:00,64,0.627224074366,6.0,3,0,0.0,0.0,0.0
2015-09-12 15:21:00,68,0.285714285714,11.0,3,0,0.0,0.0,0.0
2015-09-12 15:31:00,66,0.833333333333,1.0,1,0,0.0,0.0,0.0
2015-09-12 15:36:00,72,0.166666666667,9.0,4,0,0.0,0.0,0.0
2015-09-12 15:41:00,71,0.571428571429,9.0,2,0,0.0,0.0,0.0
2015-09-12 15:46:00,68,0.0,8.0,5,0,0.0,0.0,0.0
2015-09-12 15:51:00,66,-0.166666666667,10.0,3,0,0.0,0.0,0.0
2015-09-12 15:56:00,70,1.0,1.0,0,0,-0.22,-0.11,-0.11
2015-09-12 16:01:00,68,0.428571428571,5.0,4,0,0.0,0.0,0.0
2015-09-12 16:11:00,65,0.503045091204,6.0,2,0,0.0,0.0,0.0
2015-09-12 16:16:00,72,1.0,1.0,0,0,-0.22,-0.11,-0.11
2015-09-12 16:21:00,65,0.0060901824073,9.0,3,0,0.0,0.0,0.0
2015-09-12 16:31:00,71,0.857142857143,4.0,1,0,0.0,0.0,0.0
2015-09-12 16:36:00,65,0.0060901824073,13.0,3,0,0.0,0.0,0.0
2015-09-12 16:41:00,64,0.627283818403,4.0,1,0,0.0,0.0,0.0
2015-09-12 16:46:00,69,0.142857142857,8.0,4,0,0.0,0.0,0.0
2015-09-12 16:51:00,68,0.428571428571,5.0,4,0,0.0,0.0,0.0
2015-09-12 16:56:00,72,0.666666666667,6.0,2,0,0.0,0.0,0.0
2015-09-12 17:01:00,71,1.0,3.0,0,0,-0.22,-0.11,-0.11
2015-09-12 17:06:00,69,-0.428571428571,14.0,5,0,0.0,0.0,0.0
2015-09-12 17:21:00,71,0.857142857143,4.0,1,0,0.0,0.0,0.0
2015-09-12 17:46:00,69,-0.428571428571,12.0,5,0,0.0,0.0,0.0
2015-09-12 18:21:00,73,0.833333333333,4.0,1,0,0.0,0.0,0.0
2015-09-12 18:41:00,70,0.0,8.0,2,0,0.0,0.0,0.0
2015-09-12 19:01:00,68,0.428571428571,5.0,4,0,0.0,0.0,0.0
2015-09-12 19:21:00,62,0.503045091204,6.0,2,0,0.0,0.0,0.0
2015-09-12 19:26:00,69,0.857142857143,3.0,1,0,0.0,0.0,0.0
2015-09-12 19:46:00,72,0.333333333333,8.0,2,0,0.0,0.0,0.0
2015-09-12 19:51:00,65,0.5,4.0,3,0,0.0,0.0,0.0
2015-09-12 20:06:00,60,0.50405189601,13.0,1,0,0.0,0.0,0.0
2015-09-12 20:31:00,62,0.750743563108,10.0,2,0,0.0,0.0,0.0
2015-09-12 20:51:00,66,1.0,1.0,0,0,-0.22,-0.11,-0.11
2015-09-12 21:21:00,68,0.428571428571,11.0,3,0,0.0,0.0,0.0
2015-09-12 21:36:00,63,0.502375163345,6.0,2,0,0.0,0.0,0.0
2015-09-12 21:51:00,70,1.0,2.0,0,0,-0.22,-0.11,-0.11
2015-09-12 22:46:00,74,0.668873623963,7.0,3,0,0.0,0.0,0.0
2015-09-12 23:01:00,62,1.0,1.0,0,0,-0.22,-0.11,-0.11
2015-09-12 23:06:00,59,-0.4,21.0,3,0,0.0,0.0,0.0
2015-09-12 23:31:00,59,0.6,6.0,1,0,0.0,0.0,0.0
2015-09-13 06:31:00,62,0.75,9.0,2,0,0.0,0.0,0.0
2015-09-13 07:51:00,70,0.75,5.0,1,0,0.0,0.0,0.0
2015-09-13 08:01:00,62,0.625,8.0,3,0,0.0,0.0,0.0
2015-09-13 08:26:00,67,0.4,6.0,2,0,0.0,0.0,0.0
2015-09-13 09:21:00,69,0.714285714286,6.0,2,0,0.0,0.0,0.0
2015-09-13 09:26:00,72,0.666666666667,5.0,2,0,0.0,0.0,0.0
2015-09-13 09:41:00,67,0.2,8.0,2,0,0.0,0.0,0.0
2015-09-13 10:06:00,69,0.714285714286,6.0,2,0,0.0,0.0,0.0
2015-09-13 10:11:00,72,-0.166666666667,12.0,5,0,0.0,0.0,0.0
2015-09-13 10:16:00,65,0.126197655339,9.0,4,0,0.0,0.0,0.0
2015-09-13 10:46:00,76,0.669684920704,9.0,2,0,0.0,0.0,0.0
2015-09-13 10:51:00,67,0.6,2.0,1,0,0.0,0.0,0.0
2015-09-13 10:56:00,72,-0.666666666667,17.0,5,0,0.0,0.0,0.0
2015-09-13 11:06:00,70,0.0,12.0,2,0,0.0,0.0,0.0
2015-09-13 11:11:00,65,0.625483126766,8.0,3,0,0.0,0.0,0.0
2015-09-13 11:26:00,71,0.0,12.0,4,0,0.0,0.0,0.0
2015-09-13 11:31:00,69,-0.142857142857,10.0,4,0,0.0,0.0,0.0
2015-09-13 11:46:00,64,0.625513280859,4.0,1,0,0.0,0.0,0.0
2015-09-13 11:51:00,67,0.8,4.0,1,0,0.0,0.0,0.0
2015-09-13 11:56:00,69,0.0,15.0,3,0,0.0,0.0,0.0
2015-09-13 12:06:00,66,0.166666666667,7.0,2,0,0.0,0.0,0.0
2015-09-13 12:21:00,73,-0.666666666667,15.0,5,0,0.0,0.0,0.0
2015-09-13 12:26:00,70,0.0,9.0,2,0,0.0,0.0,0.0
2015-09-13 12:31:00,66,0.5,5.0,3,0,0.0,0.0,0.0
2015-09-13 12:41:00,66,-0.166666666667,13.0,4,0,0.0,0.0,0.0
2015-09-13 12:53:00,66,0.0,11.0,3,0,0.0,0.0,0.0
2015-09-13 12:58:00,70,1.0,4.0,0,0,-0.22,-0.11,-0.11
2015-09-13 13:03:00,67,0.4,4.0,3,0,0.0,0.0,0.0
2015-09-13 13:08:00,72,-0.166666666667,12.0,4,0,0.0,0.0,0.0
2015-09-13 13:13:00,69,0.148194313913,7.0,3,0,0.0,0.0,0.0
2015-09-13 13:18:00,66,0.333333333333,5.0,2,0,0.0,0.0,0.0
2015-09-13 13:23:00,68,0.858032385652,3.0,1,0,0.0,0.0,0.0
2015-09-13 13:28:00,65,1.0,0.0,0,0,-0.22,-0.11,-0.11
2015-09-13 13:38:00,67,-0.4,18.0,5,0,0.0,0.0,0.0
2015-09-13 13:43:00,64,0.125,16.0,3,0,0.0,0.0,0.0
2015-09-13 13:53:00,66,-0.333333333333,16.0,5,0,0.0,0.0,0.0
2015-09-13 13:58:00,68,0.428571428571,10.0,2,0,0.0,0.0,0.0
2015-09-13 14:13:00,68,0.0,13.0,4,0,0.0,0.0,0.0
2015-09-13 14:23:00,67,0.2,4.0,2,0,0.0,0.0,0.0
2015-09-13 14:28:00,59,0.4,14.0,1,0,0.0,0.0,0.0
2015-09-13 14:38:00,64,0.5,7.0,3,0,0.0,0.0,0.0
2015-09-13 14:48:00,67,-0.8,21.0,4,0,0.0,0.0,0.0
2015-09-13 14:53:00,65,0.375,10.0,2,0,0.0,0.0,0.0
2015-09-13 15:13:00,67,-0.8,21.0,5,0,0.0,0.0,0.0
2015-09-13 15:23:00,66,0.666666666667,4.0,2,0,0.0,0.0,0.0
2015-09-13 15:28:00,68,0.428571428571,11.0,2,0,0.0,0.0,0.0
2015-09-13 15:33:00,66,-0.333333333333,13.0,4,0,0.0,0.0,0.0
2015-09-13 15:38:00,72,-0.333333333333,14.0,3,0,0.0,0.0,0.0
2015-09-13 15:43:00,71,0.428571428571,9.0,2,0,0.0,0.0,0.0
2015-09-13 15:48:00,69,-0.571428571429,19.0,6,0,0.0,0.0,0.0
2015-09-13 16:03:00,61,0.501927540419,13.0,1,0,0.0,0.0,0.0
2015-09-13 16:08:00,67,-0.4,11.0,3,0,0.0,0.0,0.0
2015-09-13 16:18:00,66,-0.333333333333,17.0,4,0,0.0,0.0,0.0
2015-09-13 16:28:00,74,0.00605478294721,14.0,4,0,0.0,0.0,0.0
2015-09-13 16:48:00,65,-0.25,14.0,5,0,0.0,0.0,0.0
2015-09-13 16:53:00,69,-0.714285714286,30.0,5,0,0.0,0.0,0.0
2015-09-13 16:58:00,64,0.0,18.0,4,0,0.0,0.0,0.0
2015-09-13 17:03:00,67,-0.8,22.0,5,0,0.0,0.0,0.0
2015-09-13 17:13:00,69,0.142857142857,14.0,3,0,0.0,0.0,0.0
2015-09-13 17:18:00,62,0.127532337391,13.0,4,0,0.0,0.0,0.0
2015-09-13 17:23:00,63,-0.0955482397279,18.0,7,0,0.0,0.0,0.0
2015-09-13 17:43:00,73,-0.666666666667,26.0,5,0,0.0,0.0,0.0
2015-09-13 17:48:00,64,-0.375,13.0,5,0,0.0,0.0,0.0
2015-09-13 17:53:00,67,-1.2,25.0,5,0,0.0,0.0,0.0
2015-09-13 17:58:00,65,0.125,15.0,4,0,0.0,0.0,0.0
2015-09-13 18:08:00,67,-1.2,22.0,5,0,0.0,0.0,0.0
2015-09-13 18:18:00,65,0.125,12.0,4,0,0.0,0.0,0.0
2015-09-13 18:23:00,74,0.113398542871,20.0,3,0,0.0,0.0,0.0
2015-09-13 18:33:00,65,-0.5,13.0,6,0,0.0,0.0,0.0
2015-09-13 18:38:00,70,-1.5,31.0,4,0,0.0,0.0,0.0
2015-09-13 18:43:00,70,0.5,7.0,2,0,0.0,0.0,0.0
2015-09-13 18:48:00,69,0.571428571429,6.0,3,0,0.0,0.0,0.0
2015-09-13 18:58:00,69,0.714285714286,7.0,2,0,0.0,0.0,0.0
2015-09-13 19:08:00,63,0.203442323997,13.0,5,0,0.0,0.0,0.0
2015-09-13 19:13:00,63,-0.593115352006,28.0,8,0,0.0,0.0,0.0
2015-09-13 19:33:00,65,-0.375,18.0,6,0,0.0,0.0,0.0
2015-09-13 19:43:00,56,0.430722079231,24.0,2,0,0.0,0.0,0.0
2015-09-13 19:48:00,69,-0.142857142857,21.0,5,0,0.0,0.0,0.0
2015-09-13 20:13:00,63,-0.294572504774,22.0,6,0,0.0,0.0,0.0
2015-09-13 20:33:00,66,-1.0,30.0,6,0,0.0,0.0,0.0
2015-09-13 20:43:00,66,0.5,5.0,2,0,0.0,0.0,0.0
2015-09-13 20:48:00,64,-0.125,15.0,5,0,0.0,0.0,0.0
2015-09-13 21:08:00,68,-0.714285714286,25.0,5,0,0.0,0.0,0.0
2015-09-13 21:28:00,55,0.666666666667,18.0,1,0,0.0,0.0,0.0
2015-09-13 22:48:00,75,0.335096435951,19.0,5,0,0.0,0.0,0.0
2015-09-13 22:53:00,69,-0.142857142857,18.0,4,0,0.0,0.0,0.0
2015-09-13 23:33:00,62,0.127602470879,14.0,5,0,0.0,0.0,0.0
2015-09-14 00:33:00,68,-0.285714285714,19.0,5,0,0.0,0.0,0.0
2015-09-14 05:53:00,66,0.0,15.0,3,0,0.0,0.0,0.0
2015-09-14 06:18:00,66,-0.166666666667,15.0,4,0,0.0,0.0,0.0
2015-09-14 06:28:00,75,0.445913696626,13.0,2,0,0.0,0.0,0.0
2015-09-14 06:48:00,65,-0.625,16.0,6,0,0.0,0.0,0.0
2015-09-14 06:53:00,68,-0.714285714286,30.0,5,0,0.0,0.0,0.0
2015-09-14 06:58:00,71,0.0,18.0,5,0,0.0,0.0,0.0
2015-09-14 07:08:00,69,-0.428571428571,19.0,5,0,0.0,0.0,0.0
2015-09-14 07:28:00,67,-0.4,13.0,4,0,0.0,0.0,0.0
2015-09-14 07:33:00,68,0.142857142857,15.0,3,0,0.0,0.0,0.0
2015-09-14 07:38:00,67,-0.4,13.0,4,0,0.0,0.0,0.0
2015-09-14 07:48:00,71,0.0,13.0,4,0,0.0,0.0,0.0
2015-09-14 07:58:00,67,-0.8,17.0,3,0,0.0,0.0,0.0
2015-09-14 08:13:00,65,0.251809685324,14.0,3,0,0.0,0.0,0.0
2015-09-14 08:28:00,66,0.333333333333,10.0,3,0,0.0,0.0,0.0
2015-09-14 08:33:00,64,0.625,4.0,2,0,0.0,0.0,0.0
2015-09-14 08:48:00,60,-0.161920222558,18.0,4,0,0.0,0.0,0.0
2015-09-14 08:53:00,69,0.428571428571,4.0,3,0,0.0,0.0,0.0
2015-09-14 09:03:00,66,0.0,10.0,4,0,0.0,0.0,0.0
2015-09-14 09:08:00,73,0.0,14.0,3,0,0.0,0.0,0.0
2015-09-14 09:13:00,70,0.0,15.0,2,0,0.0,0.0,0.0
2015-09-14 09:23:00,72,0.666666666667,5.0,2,0,0.0,0.0,0.0
2015-09-14 09:28:00,62,-0.118327776901,19.0,4,0,0.0,0.0,0.0
2015-09-14 09:33:00,70,-0.5,16.0,4,0,0.0,0.0,0.0
2015-09-14 09:38:00,69,0.571428571429,7.0,3,0,0.0,0.0,0.0
2015-09-14 09:43:00,69,0.714285714286,6.0,2,0,0.0,0.0,0.0
2015-09-14 09:48:00,69,0.0,12.0,4,0,0.0,0.0,0.0
2015-09-14 09:53:00,71,0.714285714286,7.0,1,0,0.0,0.0,0.0
2015-09-14 09:58:00,68,-0.571428571429,21.0,6,0,0.0,0.0,0.0
2015-09-14 10:13:00,63,0.203391163816,15.0,5,0,0.0,0.0,0.0
2015-09-14 10:18:00,68,0.0,18.0,6,0,0.0,0.0,0.0
2015-09-14 10:23:00,68,-0.142857142857,15.0,4,0,0.0,0.0,0.0
2015-09-14 10:28:00,66,0.333333333333,6.0,2,0,0.0,0.0,0.0
2015-09-14 10:33:00,70,1.0,5.0,0,0,-0.22,-0.11,-0.11
2015-09-14 10:43:00,70,0.5,8.0,2,0,0.0,0.0,0.0
2015-09-14 10:48:00,65,0.625,6.0,3,0,0.0,0.0,0.0
2015-09-14 11:03:00,74,0.113525277273,20.0,5,0,0.0,0.0,0.0
2015-09-14 11:13:00,67,-1.0,15.0,4,0,0.0,0.0,0.0
2015-09-14 11:18:00,64,0.25,19.0,3,0,0.0,0.0,0.0
2015-09-14 11:23:00,70,-1.0,25.0,4,0,0.0,0.0,0.0
2015-09-14 11:28:00,70,0.5,7.0,2,0,0.0,0.0,0.0
2015-09-14 11:33:00,66,0.5,6.0,3,0,0.0,0.0,0.0
2015-09-14 11:43:00,67,-0.2,13.0,3,0,0.0,0.0,0.0
2015-09-14 12:03:00,63,0.203493477607,11.0,4,0,0.0,0.0,0.0
2015-09-14 12:08:00,70,-0.5,17.0,4,0,0.0,0.0,0.0
2015-09-14 12:13:00,63,0.701310054103,5.0,3,0,0.0,0.0,0.0
2015-09-14 12:23:00,71,-0.428571428571,20.0,6,0,0.0,0.0,0.0
2015-09-14 12:28:00,62,-0.368600083858,22.0,5,0,0.0,0.0,0.0
2015-09-14 12:38:00,67,-0.8,16.0,5,0,0.0,0.0,0.0
2015-09-14 12:43:00,68,0.142857142857,14.0,3,0,0.0,0.0,0.0
2015-09-14 12:48:00,73,0.166666666667,15.0,4,0,0.0,0.0,0.0
2015-09-14 12:53:00,67,-0.8,18.0,3,0,0.0,0.0,0.0
2015-09-14 13:15:00,65,0.25,13.0,3,0,0.0,0.0,0.0
2015-09-14 13:20:00,63,0.00423895476955,16.0,8,0,0.0,0.0,0.0
2015-09-14 13:25:00,72,-0.5,22.0,6,0,0.0,0.0,0.0
2015-09-14 13:35:00,65,-0.625,18.0,5,0,0.0,0.0,0.0
2015-09-14 13:40:00,64,-0.625,20.0,7,0,0.0,0.0,0.0
2015-09-14 13:45:00,71,-0.428571428571,20.0,7,0,0.0,0.0,0.0
2015-09-14 13:50:00,66,-1.0,23.0,4,0,0.0,0.0,0.0
2015-09-14 13:55:00,59,0.60061824296,7.0,1,0,0.0,0.0,0.0
2015-09-14 14:15:00,57,0.572688529821,9.0,2,0,0.0,0.0,0.0
2015-09-14 14:20:00,66,-0.166666666667,24.0,4,0,0.0,0.0,0.0
2015-09-14 14:25:00,71,0.857142857143,6.0,1,0,0.0,0.0,0.0
2015-09-14 14:35:00,69,-0.285714285714,23.0,4,0,0.0,0.0,0.0
2015-09-14 14:40:00,67,-0.2,15.0,3,0,0.0,0.0,0.0
2015-09-14 14:45:00,66,-0.166666666667,16.0,4,0,0.0,0.0,0.0
2015-09-14 14:50:00,67,0.4,6.0,2,0,0.0,0.0,0.0
2015-09-14 14:55:00,65,0.125,14.0,4,0,0.0,0.0,0.0
2015-09-14 15:00:00,70,-0.5,19.0,4,0,0.0,0.0,0.0
2015-09-14 15:10:00,66,0.333333333333,7.0,4,0,0.0,0.0,0.0
2015-09-14 15:15:00,66,0.5,4.0,2,0,0.0,0.0,0.0
2015-09-14 15:20:00,61,0.667488800607,3.0,1,0,0.0,0.0,0.0
2015-09-14 15:30:00,68,0.285057635091,11.0,4,0,0.0,0.0,0.0
2015-09-14 15:35:00,69,1.0,2.0,0,0,-0.22,-0.11,-0.11
2015-09-14 15:40:00,63,0.203544624648,10.0,5,0,0.0,0.0,0.0
2015-09-14 15:50:00,67,-0.8,17.0,5,0,0.0,0.0,0.0
2015-09-14 15:55:00,66,-0.166666666667,14.0,4,0,0.0,0.0,0.0
2015-09-14 16:00:00,65,0.625,4.0,2,0,0.0,0.0,0.0
2015-09-14 16:05:00,67,-0.2,16.0,5,0,0.0,0.0,0.0
2015-09-14 16:20:00,65,-0.25,15.0,6,0,0.0,0.0,0.0
2015-09-14 16:25:00,66,0.0,11.0,5,0,0.0,0.0,0.0
2015-09-14 16:30:00,65,0.25,6.0,4,0,0.0,0.0,0.0
2015-09-14 16:35:00,64,0.25,11.0,5,0,0.0,0.0,0.0
2015-09-14 16:40:00,66,0.666666666667,7.0,2,0,0.0,0.0,0.0
2015-09-14 16:45:00,62,0.501487126217,6.0,2,0,0.0,0.0,0.0
2015-09-14 16:50:00,65,-0.25,12.0,7,0,0.0,0.0,0.0
2015-09-14 16:55:00,67,0.2,12.0,3,0,0.0,0.0,0.0
2015-09-14 17:00:00,59,0.2,14.0,2,0,0.0,0.0,0.0
2015-09-14 17:05:00,36,1.0,7.0,0,0,-0.22,-0.11,-0.11
2015-09-14 17:10:00,21,,0.0,0,0,0.0,0.0,0.0
2015-09-14 17:15:00,52,1.0,0.0,0,0,-0.22,-0.11,-0.11
2015-09-14 17:20:00,60,0.333333333333,6.0,4,0,0.0,0.0,0.0
2015-09-14 17:25:00,51,1.0,12.0,0,0,-0.22,-0.11,-0.11
2015-09-14 17:30:00,68,0.857142857143,6.0,1,0,0.0,0.0,0.0
2015-09-14 17:35:00,60,0.0,14.0,4,0,0.0,0.0,0.0
2015-09-14 17:40:00,42,1.0,10.0,0,0,-0.22,-0.11,-0.11
2015-09-14 17:45:00,65,1.0,0.0,0,0,-0.22,-0.11,-0.11
2015-09-14 17:50:00,59,-0.6,21.0,5,0,0.0,0.0,0.0
2015-09-14 17:55:00,69,0.428571428571,7.0,3,0,0.0,0.0,0.0
2015-09-14 18:00:00,68,0.714285714286,9.0,1,0,0.0,0.0,0.0
2015-09-14 18:05:00,66,-0.166666666667,14.0,5,0,0.0,0.0,0.0
2015-09-14 18:10:00,66,0.5,6.0,2,0,0.0,0.0,0.0
2015-09-14 18:20:00,66,0.5,6.0,2,0,0.0,0.0,0.0
2015-09-14 18:25:00,68,0.857142857143,3.0,1,0,0.0,0.0,0.0
2015-09-14 18:30:00,67,-0.2,12.0,4,0,0.0,0.0,0.0
2015-09-14 18:35:00,67,-0.4,13.0,4,0,0.0,0.0,0.0
2015-09-14 18:45:00,65,0.125,12.0,4,0,0.0,0.0,0.0
2015-09-14 18:50:00,66,-0.166666666667,19.0,6,0,0.0,0.0,0.0
2015-09-14 19:01:00,68,0.857142857143,5.0,1,0,0.0,0.0,0.0
2015-09-14 19:05:00,68,0.285714285714,11.0,3,0,0.0,0.0,0.0
2015-09-14 19:15:00,66,0.166666666667,8.0,3,0,0.0,0.0,0.0
2015-09-14 19:20:00,69,0.714285714286,4.0,2,0,0.0,0.0,0.0
2015-09-14 19:30:00,64,0.0,13.0,5,0,0.0,0.0,0.0
2015-09-14 19:35:00,68,0.142857142857,13.0,5,0,0.0,0.0,0.0
2015-09-14 19:45:00,65,0.125,10.0,4,0,0.0,0.0,0.0
2015-09-14 20:00:00,65,-0.125,17.0,7,0,0.0,0.0,0.0
2015-09-14 20:10:00,66,0.166666666667,13.0,4,0,0.0,0.0,0.0
2015-09-14 20:15:00,58,0.667524453576,5.0,2,0,0.0,0.0,0.0
2015-09-14 20:20:00,71,-0.568631754001,27.0,6,0,0.0,0.0,0.0
2015-09-14 20:25:00,61,-0.333333333333,22.0,4,0,0.0,0.0,0.0
2015-09-14 20:30:00,72,0.5,6.0,3,0,0.0,0.0,0.0
2015-09-14 20:35:00,64,-0.75,19.0,6,0,0.0,0.0,0.0
2015-09-14 20:40:00,64,-0.25,24.0,6,0,0.0,0.0,0.0
2015-09-14 20:45:00,67,0.4,11.0,2,0,0.0,0.0,0.0
2015-09-14 20:50:00,65,-0.125,17.0,6,0,0.0,0.0,0.0
2015-09-14 21:30:00,65,0.125,13.0,6,0,0.0,0.0,0.0
2015-09-14 21:35:00,65,0.5,6.0,4,0,0.0,0.0,0.0
2015-09-14 21:45:00,74,0.889530166274,6.0,1,0,0.0,0.0,0.0
2015-09-14 22:06:00,61,0.0,16.0,4,0,0.0,0.0,0.0
2015-09-14 22:21:00,60,0.833333333333,9.0,1,0,0.0,0.0,0.0
2015-09-14 22:30:00,64,0.125,14.0,6,0,0.0,0.0,0.0
2015-09-14 22:40:00,66,-0.5,22.0,5,0,0.0,0.0,0.0
2015-09-14 22:45:00,66,0.5,9.0,2,0,0.0,0.0,0.0
2015-09-14 22:50:00,70,1.0,4.0,0,0,-0.22,-0.11,-0.11
2015-09-15 03:45:00,62,0.376658478037,8.0,5,0,0.0,0.0,0.0
2015-09-15 04:10:00,64,0.0,10.0,6,0,0.0,0.0,0.0
2015-09-15 04:31:00,61,0.0,12.0,4,0,0.0,0.0,0.0
2015-09-15 04:55:00,90,,7.0,0,0,0.0,0.0,0.0
2015-09-15 05:26:00,60,1.0,0.0,0,0,-0.22,-0.11,-0.11
2015-09-15 05:31:00,66,0.0,8.0,5,0,0.0,0.0,0.0
2015-09-15 05:41:00,63,0.601618821917,6.0,3,0,0.0,0.0,0.0
2015-09-15 05:46:00,76,0.166666666667,21.0,3,0,0.0,0.0,0.0
2015-09-15 05:51:00,56,0.857274368617,8.0,1,0,0.0,0.0,0.0
2015-09-15 06:05:00,72,-0.333333333333,26.0,6,0,0.0,0.0,0.0
2015-09-15 06:45:00,66,-0.833333333333,19.0,4,0,0.0,0.0,0.0
2015-09-15 07:06:00,67,0.4,11.0,2,0,0.0,0.0,0.0
2015-09-15 07:11:00,63,0.10162246982,17.0,6,0,0.0,0.0,0.0
2015-09-15 07:16:00,67,-0.8,21.0,5,0,0.0,0.0,0.0
2015-09-15 07:21:00,70,-0.25,13.0,2,0,0.0,0.0,0.0
2015-09-15 07:26:00,70,0.5,9.0,2,0,0.0,0.0,0.0
2015-09-15 07:31:00,71,0.714285714286,8.0,2,0,0.0,0.0,0.0
2015-09-15 07:46:00,62,-0.5,27.0,6,0,0.0,0.0,0.0
2015-09-15 07:51:00,69,0.285714285714,12.0,4,0,0.0,0.0,0.0
2015-09-15 07:56:00,67,0.0,9.0,3,0,0.0,0.0,0.0
2015-09-15 08:11:00,66,-0.166666666667,14.0,4,0,0.0,0.0,0.0
2015-09-15 08:21:00,65,0.625,4.0,2,0,0.0,0.0,0.0
2015-09-15 08:26:00,61,-0.166666666667,20.0,4,0,0.0,0.0,0.0
2015-09-15 08:31:00,68,0.142857142857,7.0,5,0,0.0,0.0,0.0
2015-09-15 08:41:00,66,0.166666666667,11.0,3,0,0.0,0.0,0.0
2015-09-15 08:46:00,67,0.4,6.0,2,0,0.0,0.0,0.0
2015-09-15 08:51:00,66,-0.166666666667,13.0,4,0,0.0,0.0,0.0
2015-09-15 08:56:00,66,0.5,3.0,2,0,0.0,0.0,0.0
2015-09-15 09:01:00,70,1.0,3.0,0,0,-0.22,-0.11,-0.11
2015-09-15 09:06:00,71,0.571428571429,8.0,3,0,0.0,0.0,0.0
2015-09-15 09:16:00,65,-0.75,23.0,6,0,0.0,0.0,0.0
2015-09-15 09:21:00,63,0.101564625205,20.0,5,0,0.0,0.0,0.0
2015-09-15 09:31:00,63,0.00173847245023,17.0,6,0,0.0,0.0,0.0
2015-09-15 09:36:00,63,-0.19791383306,18.0,7,0,0.0,0.0,0.0
2015-09-15 09:41:00,62,-0.25,18.0,5,0,0.0,0.0,0.0
2015-09-15 09:46:00,65,0.125,14.0,5,0,0.0,0.0,0.0
2015-09-15 09:51:00,61,-0.666666666667,21.0,4,0,0.0,0.0,0.0
2015-09-15 10:01:00,72,0.5,7.0,3,0,0.0,0.0,0.0
2015-09-15 10:16:00,67,-0.8,20.0,3,0,0.0,0.0,0.0
2015-09-15 10:26:00,66,-0.166666666667,16.0,4,0,0.0,0.0,0.0
2015-09-15 10:31:00,74,0.889158971528,4.0,1,0,0.0,0.0,0.0
2015-09-15 10:36:00,66,-1.16666666667,24.0,6,0,0.0,0.0,0.0
2015-09-15 10:41:00,70,1.0,12.0,0,0,-0.22,-0.11,-0.11
2015-09-15 10:46:00,67,0.4,7.0,3,0,0.0,0.0,0.0
2015-09-15 11:06:00,68,0.142857142857,21.0,3,0,0.0,0.0,0.0
2015-09-15 11:11:00,66,-0.5,15.0,5,0,0.0,0.0,0.0
2015-09-15 11:16:00,65,0.625,5.0,2,0,0.0,0.0,0.0
2015-09-15 11:21:00,60,-0.828223448794,21.0,5,0,0.0,0.0,0.0
2015-09-15 11:31:00,66,0.333333333333,7.0,3,0,0.0,0.0,0.0
2015-09-15 11:36:00,67,0.4,6.0,2,0,0.0,0.0,0.0
2015-09-15 11:41:00,66,-0.166666666667,14.0,4,0,0.0,0.0,0.0
2015-09-15 11:46:00,67,0.4,3.0,2,0,0.0,0.0,0.0
2015-09-15 11:51:00,66,-0.166666666667,11.0,4,0,0.0,0.0,0.0
2015-09-15 11:56:00,67,0.4,3.0,2,0,0.0,0.0,0.0
2015-09-15 12:06:00,69,0.142857142857,11.0,3,0,0.0,0.0,0.0
2015-09-15 12:11:00,69,0.142857142857,14.0,5,0,0.0,0.0,0.0
2015-09-15 12:16:00,71,0.714285714286,11.0,1,0,0.0,0.0,0.0
2015-09-15 12:21:00,64,-0.625,23.0,5,0,0.0,0.0,0.0
2015-09-15 12:26:00,69,0.285714285714,15.0,4,0,0.0,0.0,0.0
2015-09-15 12:31:00,68,0.571428571429,14.0,2,0,0.0,0.0,0.0
2015-09-15 12:36:00,67,-0.2,13.0,4,0,0.0,0.0,0.0
2015-09-15 12:41:00,66,-0.166666666667,14.0,4,0,0.0,0.0,0.0
2015-09-15 12:46:00,68,0.714285714286,4.0,2,0,0.0,0.0,0.0
2015-09-15 12:51:00,72,0.666666666667,12.0,1,0,0.0,0.0,0.0
2015-09-15 12:56:00,66,-1.0,21.0,5,0,0.0,0.0,0.0
2015-09-15 13:01:00,62,0.751303326007,5.0,1,0,0.0,0.0,0.0
2015-09-15 13:06:00,71,0.285714285714,18.0,4,0,0.0,0.0,0.0
2015-09-15 13:11:00,74,-0.111111111111,24.0,6,0,0.0,0.0,0.0
2015-09-15 13:16:00,65,-0.75,27.0,6,0,0.0,0.0,0.0
2015-09-15 13:21:00,61,-0.662199505496,22.0,5,0,0.0,0.0,0.0
2015-09-15 13:26:00,63,0.500933503881,10.0,4,1,0.960726881431,0.960726881431,0.960726881431
2015-09-15 13:31:00,66,-1.16666666667,31.0,6,1,0.0,0.0,0.0
2015-09-15 13:36:00,63,0.700540823273,3.0,2,1,0.0,0.0,0.0
2015-09-15 13:41:00,60,-0.99421180025,23.0,5,1,0.0,0.0,0.0
2015-09-15 13:46:00,59,0.66766698903,9.0,1,1,0.0,0.0,0.0
2015-09-15 13:51:00,60,0.570010466817,16.0,2,1,0.0,0.0,0.0
2015-09-15 13:54:00,56,0.144013698542,16.0,4,1,0.0,0.0,0.0
2015-09-15 13:59:00,49,0.0,25.0,1,1,0.0,0.0,0.0
2015-09-15 14:04:00,43,1.0,0.0,0,1,0.0,0.0,0.0
2015-09-15 14:09:00,59,1.0,0.0,0,1,0.0,0.0,0.0
2015-09-15 14:14:00,51,0.340564048541,14.0,1,1,0.0,0.0,0.0
2015-09-15 14:19:00,42,1.0,11.0,0,1,0.0,0.0,0.0
2015-09-15 14:24:00,25,,0.0,0,1,0.0,0.0,0.0
2015-09-15 14:29:00,10,,0.0,0,1,0.0,0.0,0.0
2015-09-15 14:34:00,8,,0.0,0,1,0.0,0.0,0.0
2015-09-15 14:39:00,46,,0.0,0,1,0.0,0.0,0.0
2015-09-15 14:44:00,65,1.0,0.0,0,1,0.0,0.0,0.0
2015-09-15 14:49:00,68,0.0,21.0,5,1,0.0,0.0,0.0
2015-09-15 14:54:00,67,-0.4,22.0,4,1,0.0,0.0,0.0
2015-09-15 14:59:00,64,0.0,15.0,5,1,0.0,0.0,0.0
2015-09-15 15:04:00,67,-0.8,26.0,5,1,0.0,0.0,0.0
2015-09-15 15:09:00,62,0.222222222222,13.0,4,1,0.0,0.0,0.0
2015-09-15 15:14:00,66,-0.666666666667,27.0,5,1,0.0,0.0,0.0
2015-09-15 15:24:00,68,0.857142857143,5.0,1,1,0.0,0.0,0.0
2015-09-15 15:34:00,65,-0.125,13.0,6,1,0.0,0.0,0.0
2015-09-15 15:39:00,65,-0.75,24.0,7,1,0.0,0.0,0.0
2015-09-15 15:44:00,68,0.0,18.0,5,1,0.0,0.0,0.0
2015-09-15 15:49:00,66,0.166666666667,9.0,4,1,0.0,0.0,0.0
2015-09-15 15:54:00,64,0.5,5.0,3,1,0.0,0.0,0.0
2015-09-15 15:59:00,64,-0.75,21.0,7,0,0.0,0.0,0.0
2015-09-15 16:04:00,63,0.00148130248776,15.0,6,0,0.0,0.0,0.0
2015-09-15 16:09:00,63,0.00148130248776,13.0,6,0,0.0,0.0,0.0
2015-09-15 16:14:00,67,-1.0,18.0,5,0,0.0,0.0,0.0
2015-09-15 16:19:00,63,0.00154560739975,14.0,6,0,0.0,0.0,0.0
2015-09-15 16:24:00,66,-1.0,18.0,6,0,0.0,0.0,0.0
2015-09-15 16:29:00,67,0.4,5.0,2,0,0.0,0.0,0.0
2015-09-15 16:34:00,65,0.0,14.0,5,0,0.0,0.0,0.0
2015-09-15 16:39:00,65,-0.75,19.0,7,0,0.0,0.0,0.0
2015-09-15 16:44:00,64,-0.25,14.0,6,0,0.0,0.0,0.0
2015-09-15 16:49:00,69,0.142857142857,14.0,4,0,0.0,0.0,0.0
2015-09-15 16:54:00,65,0.25,8.0,4,0,0.0,0.0,0.0
2015-09-15 16:59:00,65,-0.125,14.0,6,0,0.0,0.0,0.0
2015-09-15 17:04:00,62,0.0,12.0,5,0,0.0,0.0,0.0
2015-09-15 17:09:00,57,0.142857142857,17.0,4,0,0.0,0.0,0.0
2015-09-15 17:14:00,52,-0.666666666667,25.0,3,0,0.0,0.0,0.0
2015-09-15 17:19:00,51,1.0,8.0,0,0,-0.199831169515,-0.0999155847574,-0.0999155847574
2015-09-15 17:24:00,62,0.666666666667,5.0,3,0,0.0,0.0,0.0
2015-09-15 17:29:00,59,-0.666666666667,16.0,6,0,0.0,0.0,0.0
2015-09-15 17:39:00,68,0.142857142857,12.0,4,0,0.0,0.0,0.0
2015-09-15 17:44:00,64,0.0,12.0,4,0,0.0,0.0,0.0
2015-09-15 17:49:00,65,-0.375,23.0,7,0,0.0,0.0,0.0
2015-09-15 17:54:00,66,-1.0,23.0,6,0,0.0,0.0,0.0
2015-09-15 17:59:00,67,0.4,5.0,2,0,0.0,0.0,0.0
2015-09-15 18:04:00,63,0.00193126300608,14.0,6,0,0.0,0.0,0.0
2015-09-15 18:14:00,59,-0.666666666667,17.0,5,0,0.0,0.0,0.0
2015-09-15 18:19:00,68,-0.142857142857,11.0,6,0,0.0,0.0,0.0
2015-09-15 18:24:00,66,0.166666666667,11.0,3,0,0.0,0.0,0.0
2015-09-15 18:29:00,66,0.5,5.0,2,0,0.0,0.0,0.0
2015-09-15 18:34:00,65,0.375,5.0,3,0,0.0,0.0,0.0
2015-09-15 18:39:00,64,-0.875,20.0,7,0,0.0,0.0,0.0
2015-09-15 18:44:00,70,-0.25,20.0,3,0,0.0,0.0,0.0
2015-09-15 18:49:00,67,0.4,12.0,3,0,0.0,0.0,0.0
2015-09-15 18:54:00,63,0.00205974867873,14.0,6,0,0.0,0.0,0.0
2015-09-15 19:04:00,64,-0.5,20.0,7,0,0.0,0.0,0.0
2015-09-15 19:09:00,65,-0.875,21.0,7,0,0.0,0.0,0.0
2015-09-15 19:14:00,64,-0.875,17.0,7,0,0.0,0.0,0.0
2015-09-15 19:19:00,60,-0.428571428571,17.0,4,0,0.0,0.0,0.0
2015-09-15 19:24:00,65,0.5,11.0,3,0,0.0,0.0,0.0
2015-09-15 19:29:00,69,0.0,20.0,4,0,0.0,0.0,0.0
2015-09-15 19:34:00,63,0.500997754989,6.0,4,0,0.0,0.0,0.0
2015-09-15 19:39:00,59,-0.5,22.0,5,0,0.0,0.0,0.0
2015-09-15 19:44:00,69,-0.285714285714,14.0,6,0,0.0,0.0,0.0
2015-09-15 19:49:00,60,0.857142857143,3.0,1,0,0.0,0.0,0.0
2015-09-15 19:54:00,60,0.0,17.0,6,0,0.0,0.0,0.0
2015-09-15 19:59:00,59,0.166666666667,10.0,4,0,0.0,0.0,0.0
2015-09-15 20:09:00,62,0.222222222222,13.0,6,0,0.0,0.0,0.0
2015-09-15 20:14:00,61,-1.0,27.0,7,0,0.0,0.0,0.0
2015-09-15 20:24:00,58,0.222222222222,11.0,5,0,0.0,0.0,0.0
2015-09-15 20:29:00,63,-0.7,33.0,8,0,0.0,0.0,0.0
2015-09-15 20:34:00,65,-0.875,27.0,7,0,0.0,0.0,0.0
2015-09-15 20:49:00,57,0.285714285714,21.0,3,0,0.0,0.0,0.0
2015-09-15 20:54:00,62,-0.555555555556,31.0,7,0,0.0,0.0,0.0
2015-09-15 20:59:00,62,-0.444444444444,23.0,8,0,0.0,0.0,0.0
2015-09-15 21:04:00,62,-0.555555555556,26.0,8,0,0.0,0.0,0.0
2015-09-15 21:19:00,64,-0.625,20.0,7,0,0.0,0.0,0.0
2015-09-15 21:29:00,63,-0.5,19.0,7,0,0.0,0.0,0.0
2015-09-15 22:09:00,57,0.142857142857,23.0,4,0,0.0,0.0,0.0
2015-09-15 22:34:00,59,-0.833333333333,27.0,5,0,0.0,0.0,0.0
2015-09-15 22:39:00,63,0.101911581199,17.0,7,0,0.0,0.0,0.0
2015-09-15 22:44:00,67,-0.8,21.0,5,0,0.0,0.0,0.0
2015-09-15 23:19:00,65,0.0023326709238,16.0,5,0,0.0,0.0,0.0
2015-09-15 23:24:00,61,-0.571428571429,19.0,5,0,0.0,0.0,0.0
2015-09-15 23:29:00,61,0.142857142857,12.0,5,0,0.0,0.0,0.0
2015-09-15 23:34:00,60,0.142857142857,11.0,5,0,0.0,0.0,0.0
2015-09-16 00:49:00,67,0.0,11.0,4,0,0.0,0.0,0.0
2015-09-16 01:44:00,57,0.714285714286,13.0,2,0,0.0,0.0,0.0
2015-09-16 02:19:00,59,-1.33333333333,25.0,6,0,0.0,0.0,0.0
2015-09-16 03:04:00,60,0.285714285714,11.0,4,0,0.0,0.0,0.0
2015-09-16 04:44:00,58,0.333333333333,11.0,4,0,0.0,0.0,0.0
2015-09-16 05:09:00,66,-0.833333333333,29.0,5,0,0.0,0.0,0.0
2015-09-16 05:19:00,69,0.714285714286,10.0,2,0,0.0,0.0,0.0
2015-09-16 05:29:00,62,0.00243074375439,15.0,6,0,0.0,0.0,0.0
2015-09-16 05:39:00,65,-0.621731198054,22.0,7,0,0.0,0.0,0.0
2015-09-16 05:49:00,65,-0.871378881864,23.0,7,0,0.0,0.0,0.0
2015-09-16 06:09:00,61,-0.714285714286,20.0,5,0,0.0,0.0,0.0
2015-09-16 06:14:00,64,0.126760124125,11.0,6,0,0.0,0.0,0.0
2015-09-16 06:24:00,65,-0.871378881864,19.0,7,0,0.0,0.0,0.0
2015-09-16 06:39:00,65,-0.871378881864,19.0,7,0,0.0,0.0,0.0
2015-09-16 06:44:00,66,-0.833333333333,19.0,5,0,0.0,0.0,0.0
2015-09-16 06:54:00,61,0.714285714286,4.0,1,0,0.0,0.0,0.0
2015-09-16 07:19:00,64,-0.24738516884,15.0,7,0,0.0,0.0,0.0
2015-09-16 07:24:00,69,0.0,21.0,4,0,0.0,0.0,0.0
2015-09-16 07:29:00,59,0.166666666667,8.0,4,0,0.0,0.0,0.0
2015-09-16 07:34:00,71,0.429727452493,12.0,3,0,0.0,0.0,0.0
2015-09-16 07:44:00,66,-1.0,27.0,5,0,0.0,0.0,0.0
2015-09-16 07:49:00,66,0.5,7.0,2,0,0.0,0.0,0.0
2015-09-16 07:54:00,67,0.4,5.0,2,0,0.0,0.0,0.0
2015-09-16 07:59:00,68,0.285714285714,13.0,3,0,0.0,0.0,0.0
2015-09-16 08:04:00,64,-0.371902929137,17.0,6,0,0.0,0.0,0.0
2015-09-16 08:09:00,68,-0.142857142857,19.0,6,0,0.0,0.0,0.0
2015-09-16 08:14:00,69,0.714285714286,9.0,1,0,0.0,0.0,0.0
2015-09-16 08:19:00,71,0.714285714286,12.0,1,0,0.0,0.0,0.0
2015-09-16 08:24:00,66,-1.0,27.0,5,0,0.0,0.0,0.0
2015-09-16 08:29:00,70,1.0,5.0,0,0,-0.22,-0.11,-0.11
2015-09-16 08:39:00,71,0.428571428571,12.0,4,0,0.0,0.0,0.0
2015-09-16 08:49:00,68,-0.142857142857,23.0,4,0,0.0,0.0,0.0
2015-09-16 08:54:00,62,-0.33056796957,19.0,6,0,0.0,0.0,0.0
2015-09-16 08:59:00,67,-0.2,17.0,4,0,0.0,0.0,0.0
2015-09-16 09:04:00,63,0.103411965764,15.0,6,0,0.0,0.0,0.0
2015-09-16 09:09:00,71,0.428571428571,19.0,3,0,0.0,0.0,0.0
2015-09-16 09:14:00,64,-0.995655706983,27.0,6,0,0.0,0.0,0.0
2015-09-16 09:24:00,70,0.5,14.0,2,0,0.0,0.0,0.0
2015-09-16 09:34:00,67,0.4,11.0,3,0,0.0,0.0,0.0
2015-09-16 09:44:00,67,-0.2,14.0,3,0,0.0,0.0,0.0
2015-09-16 09:54:00,66,-0.166666666667,13.0,4,0,0.0,0.0,0.0
2015-09-16 09:59:00,61,0.714285714286,3.0,1,0,0.0,0.0,0.0
2015-09-16 10:04:00,69,0.0,19.0,5,0,0.0,0.0,0.0
2015-09-16 10:09:00,67,0.0,10.0,3,0,0.0,0.0,0.0
2015-09-16 10:14:00,70,-0.25,15.0,2,0,0.0,0.0,0.0
2015-09-16 10:19:00,71,0.714285714286,10.0,2,0,0.0,0.0,0.0
2015-09-16 10:24:00,67,-1.0,26.0,4,0,0.0,0.0,0.0
2015-09-16 10:29:00,59,0.333333333333,15.0,2,0,0.0,0.0,0.0
2015-09-16 10:34:00,69,-0.285714285714,13.0,7,0,0.0,0.0,0.0
2015-09-16 10:44:00,69,0.285714285714,14.0,4,0,0.0,0.0,0.0
2015-09-16 10:49:00,68,0.571428571429,8.0,2,0,0.0,0.0,0.0
2015-09-16 10:54:00,72,0.666666666667,11.0,1,0,0.0,0.0,0.0
2015-09-16 10:59:00,68,0.142857142857,21.0,2,0,0.0,0.0,0.0
2015-09-16 11:04:00,62,0.224223725012,16.0,4,0,0.0,0.0,0.0
2015-09-16 11:09:00,64,-0.620948641489,20.0,7,0,0.0,0.0,0.0
2015-09-16 11:14:00,66,-0.833333333333,23.0,5,0,0.0,0.0,0.0
2015-09-16 11:19:00,60,0.714285714286,3.0,1,0,0.0,0.0,0.0
2015-09-16 11:24:00,66,-0.333333333333,18.0,5,0,0.0,0.0,0.0
2015-09-16 11:29:00,71,1.0,5.0,0,0,-0.22,-0.11,-0.11
2015-09-16 11:34:00,56,0.429202567447,27.0,3,0,0.0,0.0,0.0
2015-09-16 11:39:00,63,-0.493545642506,30.0,8,0,0.0,0.0,0.0
2015-09-16 11:44:00,67,-1.0,26.0,5,0,0.0,0.0,0.0
2015-09-16 11:49:00,64,0.00249314369897,16.0,5,0,0.0,0.0,0.0
2015-09-16 11:59:00,67,-0.6,19.0,5,0,0.0,0.0,0.0
2015-09-16 12:04:00,62,0.224223725012,15.0,4,0,0.0,0.0,0.0
2015-09-16 12:14:00,65,-0.621079015132,20.0,7,0,0.0,0.0,0.0
2015-09-16 12:19:00,66,-1.0,21.0,6,0,0.0,0.0,0.0
2015-09-16 12:24:00,65,0.625904842662,3.0,2,0,0.0,0.0,0.0
2015-09-16 12:29:00,73,0.833333333333,8.0,1,0,0.0,0.0,0.0
2015-09-16 12:34:00,67,-1.0,21.0,4,0,0.0,0.0,0.0
2015-09-16 12:39:00,62,0.224223725012,17.0,4,0,0.0,0.0,0.0
2015-09-16 12:44:00,68,0.285714285714,18.0,3,0,0.0,0.0,0.0
2015-09-16 12:49:00,62,0.00257336072932,13.0,6,0,0.0,0.0,0.0
2015-09-16 12:54:00,67,-0.4,19.0,5,0,0.0,0.0,0.0
2015-09-16 12:59:00,63,0.103699926703,14.0,6,0,0.0,0.0,0.0
2015-09-16 13:04:00,68,-0.142857142857,18.0,6,1,0.968910827501,0.968910827501,0.968910827501
2015-09-16 13:09:00,69,0.285714285714,12.0,4,1,0.0,0.0,0.0
2015-09-16 13:14:00,69,0.571428571429,9.0,2,1,0.0,0.0,0.0
2015-09-16 13:19:00,65,-0.125,12.0,6,1,0.0,0.0,0.0
2015-09-16 13:24:00,61,-0.428571428571,24.0,4,1,0.0,0.0,0.0
2015-09-16 13:29:00,73,0.5,13.0,3,1,0.0,0.0,0.0
2015-09-16 13:34:00,66,-1.0,19.0,5,1,0.0,0.0,0.0
2015-09-16 13:39:00,51,1.0,7.0,0,1,0.0,0.0,0.0
2015-09-16 13:44:00,50,0.666666666667,11.0,1,1,0.0,0.0,0.0
2015-09-16 13:49:00,34,,9.0,0,1,0.0,0.0,0.0
2015-09-16 13:54:00,24,1.0,0.0,0,1,0.0,0.0,0.0
2015-09-16 13:59:00,7,,0.0,0,1,0.0,0.0,0.0
2015-09-16 14:04:00,14,,0.0,0,1,0.0,0.0,0.0
2015-09-16 14:09:00,7,,0.0,0,1,0.0,0.0,0.0
2015-09-16 14:14:00,32,,0.0,0,1,0.0,0.0,0.0
2015-09-16 14:19:00,17,,0.0,0,1,0.0,0.0,0.0
2015-09-16 14:24:00,8,,0.0,0,1,0.0,0.0,0.0
2015-09-16 14:29:00,6,,0.0,0,1,0.0,0.0,0.0
2015-09-16 14:30:00,8,,0.0,0,1,0.0,0.0,0.0
2015-09-16 14:35:00,20,,0.0,0,1,0.0,0.0,0.0
2015-09-16 14:40:00,8,,0.0,0,1,0.0,0.0,0.0
2015-09-16 14:45:00,23,1.0,0.0,0,1,0.0,0.0,0.0
2015-09-16 14:50:00,74,1.0,0.0,0,1,0.0,0.0,0.0
2015-09-16 14:55:00,65,-0.875,22.0,6,1,0.0,0.0,0.0
2015-09-16 15:00:00,67,-0.2,23.0,3,1,0.0,0.0,0.0
2015-09-16 15:05:00,74,0.111111111111,15.0,5,1,0.0,0.0,0.0
2015-09-16 15:10:00,59,-0.5,16.0,4,1,0.0,0.0,0.0
2015-09-16 15:15:00,65,0.125,11.0,5,1,0.0,0.0,0.0
2015-09-16 15:20:00,64,-0.25,19.0,6,1,0.0,0.0,0.0
2015-09-16 15:25:00,64,-0.125,14.0,5,0,0.0,0.0,0.0
2015-09-16 15:30:00,68,0.571428571429,8.0,3,0,0.0,0.0,0.0
2015-09-16 15:35:00,73,0.5,15.0,2,0,0.0,0.0,0.0
2015-09-16 15:40:00,71,0.142857142857,23.0,3,0,0.0,0.0,0.0
2015-09-16 15:45:00,67,-1.0,28.0,4,0,0.0,0.0,0.0
2015-09-16 15:50:00,66,0.0,15.0,3,0,0.0,0.0,0.0
2015-09-16 15:55:00,68,0.714285714286,4.0,2,0,0.0,0.0,0.0
2015-09-16 16:00:00,65,0.0,15.0,5,1,0.960726881431,0.960726881431,0.960726881431
2015-09-16 16:05:00,57,0.857169178823,11.0,1,1,0.0,0.0,0.0
2015-09-16 16:10:00,70,-0.5,26.0,4,1,0.0,0.0,0.0
2015-09-16 16:15:00,66,0.333333333333,12.0,4,1,0.0,0.0,0.0
2015-09-16 16:20:00,66,0.5,6.0,2,1,0.0,0.0,0.0
2015-09-16 16:25:00,65,0.625,3.0,2,1,0.0,0.0,0.0
2015-09-16 16:30:00,66,-0.333333333333,21.0,6,1,0.0,0.0,0.0
2015-09-16 16:35:00,64,0.5,4.0,3,1,0.0,0.0,0.0
2015-09-16 16:40:00,55,1.0,7.0,0,1,0.0,0.0,0.0
2015-09-16 16:45:00,30,,15.0,0,1,0.0,0.0,0.0
2015-09-16 16:50:00,11,,0.0,0,1,0.0,0.0,0.0
2015-09-16 16:55:00,12,,0.0,0,1,0.0,0.0,0.0
2015-09-16 17:00:00,33,,0.0,0,1,0.0,0.0,0.0
2015-09-16 17:05:00,43,1.0,0.0,0,1,0.0,0.0,0.0
2015-09-16 17:10:00,1,,0.0,0,1,0.0,0.0,0.0
2015-09-16 17:15:00,19,,0.0,0,1,0.0,0.0,0.0
2015-09-16 17:20:00,23,1.0,0.0,0,1,0.0,0.0,0.0
2015-09-16 17:25:00,53,1.0,0.0,0,1,0.0,0.0,0.0
2015-09-16 17:30:00,60,0.571980716305,4.0,3,1,0.0,0.0,0.0
2015-09-16 17:35:00,56,0.0,17.0,5,1,0.0,0.0,0.0
2015-09-16 17:40:00,44,1.0,26.0,0,1,0.0,0.0,0.0
2015-09-16 17:45:00,57,1.0,0.0,0,1,0.0,0.0,0.0
2015-09-16 17:50:00,55,-0.5,28.0,5,1,0.0,0.0,0.0
2015-09-16 17:55:00,63,0.201030670435,17.0,6,1,0.0,0.0,0.0
2015-09-16 18:00:00,68,0.0,25.0,5,1,0.0,0.0,0.0
2015-09-16 18:05:00,70,0.5,17.0,1,1,0.0,0.0,0.0
2015-09-16 18:10:00,62,0.333333333333,10.0,6,1,0.0,0.0,0.0
2015-09-16 18:15:00,66,-0.333333333333,17.0,5,1,0.0,0.0,0.0
2015-09-16 18:20:00,67,0.4,6.0,2,1,0.0,0.0,0.0
2015-09-16 18:25:00,68,0.142857142857,14.0,3,0,0.0,0.0,0.0
2015-09-16 18:30:00,67,-0.4,14.0,4,0,0.0,0.0,0.0
2015-09-16 18:35:00,66,-0.166666666667,15.0,4,0,0.0,0.0,0.0
2015-09-16 18:40:00,68,0.714285714286,4.0,2,0,0.0,0.0,0.0
2015-09-16 18:45:00,69,0.571428571429,9.0,2,0,0.0,0.0,0.0
2015-09-16 18:50:00,68,0.0,13.0,4,0,0.0,0.0,0.0
2015-09-16 18:55:00,71,0.714285714286,8.0,1,0,0.0,0.0,0.0
2015-09-16 19:05:00,67,-1.0,24.0,4,0,0.0,0.0,0.0
2015-09-16 19:10:00,64,0.0,15.0,5,0,0.0,0.0,0.0
2015-09-16 19:15:00,64,-0.625,23.0,6,0,0.0,0.0,0.0
2015-09-16 19:25:00,64,-0.125,12.0,5,0,0.0,0.0,0.0
2015-09-16 19:30:00,63,0.50083709619,7.0,4,0,0.0,0.0,0.0
2015-09-16 19:35:00,65,-0.375,18.0,7,0,0.0,0.0,0.0
2015-09-16 19:40:00,64,0.25,9.0,5,0,0.0,0.0,0.0
2015-09-16 19:45:00,65,0.5,5.0,3,0,0.0,0.0,0.0
2015-09-16 19:50:00,66,0.333333333333,9.0,3,0,0.0,0.0,0.0
2015-09-16 20:00:00,63,0.70046368222,4.0,2,0,0.0,0.0,0.0
2015-09-16 20:05:00,67,-0.8,18.0,5,0,0.0,0.0,0.0
2015-09-16 20:10:00,62,0.111111111111,16.0,5,0,0.0,0.0,0.0
2015-09-16 20:15:00,61,0.0,15.0,4,0,0.0,0.0,0.0
2015-09-16 20:20:00,62,0.333333333333,13.0,5,0,0.0,0.0,0.0
2015-09-16 20:25:00,65,-0.125,13.0,6,0,0.0,0.0,0.0
2015-09-16 20:30:00,63,-0.0984413117786,14.0,7,0,0.0,0.0,0.0
2015-09-16 20:35:00,61,0.142857142857,13.0,3,0,0.0,0.0,0.0
2015-09-16 20:40:00,59,0.0,13.0,5,0,0.0,0.0,0.0
2015-09-16 20:45:00,56,0.571428571429,11.0,2,0,0.0,0.0,0.0
2015-09-16 20:50:00,65,-0.5,23.0,6,0,0.0,0.0,0.0
2015-09-16 20:55:00,63,-0.0981583883827,15.0,7,0,0.0,0.0,0.0
2015-09-16 21:00:00,67,-0.6,14.0,5,0,0.0,0.0,0.0
2015-09-16 21:05:00,63,0.0018027442439,13.0,6,0,0.0,0.0,0.0
2015-09-16 21:10:00,57,0.428571428571,17.0,4,0,0.0,0.0,0.0
2015-09-16 21:15:00,58,-0.108885946645,22.0,5,0,0.0,0.0,0.0
2015-09-16 21:25:00,68,-0.571428571429,36.0,5,0,0.0,0.0,0.0
2015-09-16 21:40:00,62,-0.222222222222,19.0,6,0,0.0,0.0,0.0
2015-09-16 21:45:00,64,-0.5,22.0,7,0,0.0,0.0,0.0
2015-09-16 21:55:00,66,-0.333333333333,17.0,4,0,0.0,0.0,0.0
2015-09-16 22:05:00,65,0.5,4.0,3,0,0.0,0.0,0.0
2015-09-16 22:14:00,57,0.285714285714,18.0,4,0,0.0,0.0,0.0
2015-09-16 22:20:00,61,-1.0,24.0,7,0,0.0,0.0,0.0
2015-09-16 22:25:00,58,0.444444444444,10.0,4,0,0.0,0.0,0.0
2015-09-16 22:30:00,62,-0.666666666667,29.0,8,0,0.0,0.0,0.0
2015-09-16 22:40:00,61,-0.428571428571,22.0,6,0,0.0,0.0,0.0
2015-09-16 22:45:00,63,0.301441824075,14.0,5,0,0.0,0.0,0.0
2015-09-16 22:55:00,59,-0.666666666667,22.0,6,0,0.0,0.0,0.0
2015-09-16 23:10:00,64,0.125,11.0,5,0,0.0,0.0,0.0
2015-09-16 23:35:00,64,-0.25,13.0,6,0,0.0,0.0,0.0
2015-09-16 23:55:00,59,-0.333333333333,12.0,4,0,0.0,0.0,0.0
2015-09-17 00:10:00,66,-0.166666666667,10.0,5,0,0.0,0.0,0.0
2015-09-17 00:45:00,63,0.700694986242,4.0,2,0,0.0,0.0,0.0
2015-09-17 01:05:00,57,0.0,19.0,5,0,0.0,0.0,0.0
2015-09-17 01:40:00,56,-0.285714285714,23.0,4,0,0.0,0.0,0.0
2015-09-17 01:55:00,53,0.336897509221,25.0,2,0,0.0,0.0,0.0
2015-09-17 02:10:00,66,0.833333333333,6.0,1,0,0.0,0.0,0.0
2015-09-17 02:50:00,61,0.714285714286,9.0,1,0,0.0,0.0,0.0
2015-09-17 03:20:00,56,-0.142857142857,17.0,6,0,0.0,0.0,0.0
2015-09-17 04:35:00,58,-0.666666666667,28.0,7,0,0.0,0.0,0.0
2015-09-17 04:55:00,62,-0.777777777778,35.0,8,0,0.0,0.0,0.0
2015-09-17 05:10:00,64,-0.372234090661,21.0,6,0,0.0,0.0,0.0
2015-09-17 05:15:00,65,-0.122736983268,16.0,5,0,0.0,0.0,0.0
2015-09-17 05:30:00,73,1.0,7.0,0,0,-0.219990221148,-0.109995110574,-0.109995110574
2015-09-17 05:35:00,63,-0.297405837029,20.0,5,0,0.0,0.0,0.0
2015-09-17 05:40:00,63,0.0019955099778,22.0,6,0,0.0,0.0,0.0
2015-09-17 05:45:00,66,-0.833333333333,23.0,6,0,0.0,0.0,0.0
2015-09-17 05:50:00,62,0.666666666667,5.0,2,0,0.0,0.0,0.0
2015-09-17 05:55:00,72,0.5,19.0,3,0,0.0,0.0,0.0
2015-09-17 06:15:00,56,0.142857142857,21.0,3,0,0.0,0.0,0.0
2015-09-17 06:20:00,52,0.750763598027,25.0,1,0,0.0,0.0,0.0
2015-09-17 06:25:00,61,-0.285714285714,14.0,7,0,0.0,0.0,0.0
2015-09-17 06:30:00,51,-0.25,23.0,4,0,0.0,0.0,0.0
2015-09-17 06:40:00,64,0.5,10.0,4,0,0.0,0.0,0.0
2015-09-17 06:55:00,60,-0.428571428571,26.0,6,0,0.0,0.0,0.0
2015-09-17 07:00:00,59,0.0,17.0,5,0,0.0,0.0,0.0
2015-09-17 07:05:00,38,,16.0,0,0,0.0,0.0,0.0
2015-09-17 07:10:00,53,1.0,0.0,0,0,-0.219999197287,-0.109999598643,-0.109999598643
2015-09-17 07:15:00,56,0.428571428571,10.0,3,0,0.0,0.0,0.0
2015-09-17 07:25:00,53,-0.333333333333,29.0,3,0,0.0,0.0,0.0
2015-09-17 07:35:00,68,0.857458078421,7.0,1,0,0.0,0.0,0.0
2015-09-17 07:40:00,56,0.285714285714,14.0,4,0,0.0,0.0,0.0
2015-09-17 07:45:00,62,-0.444444444444,27.0,6,0,0.0,0.0,0.0
2015-09-17 07:50:00,65,-0.125,14.0,6,0,0.0,0.0,0.0
2015-09-17 07:55:00,61,-0.285714285714,18.0,5,0,0.0,0.0,0.0
2015-09-17 08:00:00,64,0.125,13.0,5,0,0.0,0.0,0.0
2015-09-17 08:05:00,60,-0.428571428571,16.0,6,0,0.0,0.0,0.0
2015-09-17 08:10:00,58,0.333333333333,12.0,5,0,0.0,0.0,0.0
2015-09-17 08:15:00,62,-0.666666666667,30.0,7,0,0.0,0.0,0.0
2015-09-17 08:20:00,67,-0.4,21.0,4,0,0.0,0.0,0.0
2015-09-17 08:25:00,61,0.142857142857,15.0,4,0,0.0,0.0,0.0
2015-09-17 08:30:00,59,-0.5,17.0,6,0,0.0,0.0,0.0
2015-09-17 08:35:00,60,0.142857142857,11.0,5,0,0.0,0.0,0.0
2015-09-17 08:40:00,59,-0.5,16.0,6,0,0.0,0.0,0.0
2015-09-17 08:45:00,59,0.166666666667,11.0,4,0,0.0,0.0,0.0
2015-09-17 08:50:00,63,0.30238479757,11.0,5,0,0.0,0.0,0.0
2015-09-17 08:55:00,55,0.166666666667,20.0,4,0,0.0,0.0,0.0
2015-09-17 09:00:00,54,0.333333333333,18.0,3,0,0.0,0.0,0.0
2015-09-17 09:05:00,64,-0.375,25.0,7,0,0.0,0.0,0.0
2015-09-17 09:10:00,63,0.501703426835,14.0,4,0,0.0,0.0,0.0
2015-09-17 09:15:00,67,-0.6,22.0,5,0,0.0,0.0,0.0
2015-09-17 09:20:00,62,0.111111111111,15.0,5,0,0.0,0.0,0.0
2015-09-17 09:25:00,67,-0.2,17.0,4,0,0.0,0.0,0.0
2015-09-17 09:30:00,65,0.0,12.0,5,0,0.0,0.0,0.0
2015-09-17 09:35:00,63,-0.397476158059,19.0,7,0,0.0,0.0,0.0
2015-09-17 09:40:00,61,-0.428571428571,23.0,6,0,0.0,0.0,0.0
2015-09-17 09:45:00,69,0.285714285714,10.0,3,0,0.0,0.0,0.0
2015-09-17 09:50:00,65,0.125,13.0,4,0,0.0,0.0,0.0
2015-09-17 09:55:00,63,-0.0980876803047,20.0,7,0,0.0,0.0,0.0
2015-09-17 10:00:00,65,-0.875,28.0,7,0,0.0,0.0,0.0
2015-09-17 10:05:00,71,0.144433829086,20.0,4,0,0.0,0.0,0.0
2015-09-17 10:10:00,66,-1.0,25.0,5,0,0.0,0.0,0.0
2015-09-17 10:15:00,64,0.5,7.0,3,0,0.0,0.0,0.0
2015-09-17 10:20:00,61,-0.571428571429,23.0,5,0,0.0,0.0,0.0
2015-09-17 10:25:00,65,0.125,12.0,5,0,0.0,0.0,0.0
2015-09-17 10:30:00,65,-0.375,13.0,6,0,0.0,0.0,0.0
2015-09-17 10:35:00,62,-0.555555555556,19.0,6,0,0.0,0.0,0.0
2015-09-17 10:45:00,64,-0.5,16.0,7,0,0.0,0.0,0.0
2015-09-17 10:50:00,61,-0.142857142857,13.0,5,0,0.0,0.0,0.0
2015-09-17 10:55:00,59,0.0,10.0,5,0,0.0,0.0,0.0
2015-09-17 11:00:00,64,0.0,11.0,6,0,0.0,0.0,0.0
2015-09-17 11:05:00,55,0.5,18.0,2,0,0.0,0.0,0.0
2015-09-17 11:10:00,62,-0.444444444444,18.0,7,0,0.0,0.0,0.0
2015-09-17 11:15:00,61,0.0,16.0,6,0,0.0,0.0,0.0
2015-09-17 11:20:00,66,-0.166666666667,11.0,5,0,0.0,0.0,0.0
2015-09-17 11:25:00,61,0.714285714286,6.0,1,0,0.0,0.0,0.0
2015-09-17 11:30:00,69,0.142857142857,14.0,4,0,0.0,0.0,0.0
2015-09-17 11:35:00,66,0.333333333333,10.0,2,0,0.0,0.0,0.0
2015-09-17 11:40:00,68,0.714285714286,6.0,2,0,0.0,0.0,0.0
2015-09-17 11:45:00,69,0.285714285714,13.0,4,0,0.0,0.0,0.0
2015-09-17 11:50:00,66,0.333333333333,8.0,2,0,0.0,0.0,0.0
2015-09-17 11:55:00,66,0.5,6.0,2,0,0.0,0.0,0.0
2015-09-17 12:00:00,64,0.625,4.0,2,0,0.0,0.0,0.0
2015-09-17 12:05:00,63,-0.0977342764534,21.0,7,0,0.0,0.0,0.0
2015-09-17 12:10:00,68,-0.142857142857,28.0,5,0,0.0,0.0,0.0
2015-09-17 12:20:00,62,0.444444444444,6.0,4,0,0.0,0.0,0.0
2015-09-17 12:25:00,66,-1.0,22.0,6,0,0.0,0.0,0.0
2015-09-17 12:30:00,71,0.857142857143,6.0,1,0,0.0,0.0,0.0
2015-09-17 12:35:00,67,-1.0,26.0,4,0,0.0,0.0,0.0
2015-09-17 12:40:00,66,-0.166666666667,14.0,4,0,0.0,0.0,0.0
2015-09-17 12:45:00,62,0.778302093327,4.0,1,0,0.0,0.0,0.0
2015-09-17 12:50:00,62,-0.222222222222,20.0,7,0,0.0,0.0,0.0
2015-09-17 12:55:00,62,0.222222222222,12.0,6,0,0.0,0.0,0.0
2015-09-17 13:00:00,59,-0.166666666667,12.0,5,0,0.0,0.0,0.0
2015-09-17 13:05:00,56,0.714285714286,11.0,1,0,0.0,0.0,0.0
2015-09-17 13:10:00,41,,26.0,0,0,0.0,0.0,0.0
2015-09-17 13:15:00,63,1.0,0.0,0,0,-0.22,-0.11,-0.11
2015-09-17 13:20:00,46,,31.0,0,0,0.0,0.0,0.0
2015-09-17 13:25:00,47,,0.0,0,0,0.0,0.0,0.0
2015-09-17 13:30:00,63,1.0,0.0,0,0,-0.22,-0.11,-0.11
2015-09-17 13:35:00,50,0.670001303495,24.0,1,0,0.0,0.0,0.0
2015-09-17 13:40:00,46,,10.0,0,0,0.0,0.0,0.0
2015-09-17 13:45:00,33,,0.0,0,0,0.0,0.0,0.0
2015-09-17 13:50:00,23,1.0,0.0,0,0,-0.22,-0.11,-0.11
2015-09-17 13:55:00,26,1.0,0.0,0,0,-0.22,-0.11,-0.11
2015-09-17 14:00:00,19,,0.0,0,0,0.0,0.0,0.0
2015-09-17 14:05:00,27,1.0,0.0,0,0,-0.22,-0.11,-0.11
